date,s01_consumption,s02_govt_consumption,s03_construction,s04_exports,s05_imports,s06_capital,s07_gdp,s08_manufacturing,s09_transport_storage_communication,s10_total_output,s11_distribution_hotels_catering,s12_all_production_industries,s13_electricity_gas_and_water_supply,s14_manuf_of_food_drink_tobacco,s15_manuf_coke_petroleum_prod_nuclear_fuels,s16_manuf_of_chemicals_man_made_fibres,s17_total_production,s18_rpi_total_food,s19_rpi_total_non_food,s20_rpi_all_items_other_than_seasonal_food,s21_cpi,s22_gdp_deflator,s23_wages,s24_rpix,s25_rpi,s26_m4_total,s27_m4_households,s28_m4_pnfcs,s29_m4_ofcs,s30_m0,s31_m4_lending,s32_m4l_households,s33_m4l_pnfcs,s34_house_prices,s35_dividend_yield,s36_pe_ratio,s37_ftse_all_share_index,s38_pounds_dollar,s39_pounds_euro,s40_pounds_yen,base_rate
1970-01-01,68533.0,32859.0,65.3,17066.0,14806.0,19178.0,127256.0,80.8,29.0,40.6,45.9,66.6,41.4,72.5,113.2,38.7,1.0,18.7,19.4,19.1,11.616123840405365,9.6,6562.0,18.435031369538944,24396.43886882648,3651.120287394305,986.7634071866072,19702.556968869354,3775.003109142701,52.0,6112.440895987423,716.8509940060142,9070.296228864843,19.931527657334243,3.9067,13.67,146.5261,0.4160599126274183,0.4245563386261357,0.0011557695321583626,7.85
1970-04-01,69619.0,33842.0,67.4,16825.0,15592.0,19909.0,130110.0,81.5,29.5,40.9,46.2,66.8,39.5,74.4,110.5,39.9,-0.6,19.3,19.7,19.5,11.894660697845962,9.8,6895.0,18.82526196057298,25281.378017857205,3802.20112687269,1124.2514871429414,20314.99720349053,3823.5010742029663,122.0,6486.537693865785,690.7587164464084,9356.41860960571,19.796107369267634,4.61,14.3133,128.8302,0.41609453667873336,0.4262211235188816,0.0011558514226970614,7.0769
1970-07-01,70685.0,33631.0,68.5,16647.0,15667.0,20024.0,131185.0,81.5,29.7,41.1,46.2,67.0,40.7,74.9,118.0,40.7,0.4,19.3,20.0,19.9,12.028244700904208,10.0,7080.0,19.04056159700555,26121.935343259112,3818.5736391778723,1224.503212111102,21057.78465549587,3929.19765474776,75.0,6558.516855478073,686.6388831475232,9681.557678629422,19.82198161484642,4.6133,14.1533,129.1271,0.4187429337129936,0.42894522369493415,0.0011631717040337516,7.0
1970-10-01,70345.0,33925.0,67.1,18241.0,16438.0,20466.0,132017.0,82.1,30.1,41.2,46.2,67.3,41.8,75.1,118.4,40.2,1.2,19.6,20.5,20.3,12.278359430034541,10.2,7227.0,19.5115295517018,26918.988749780554,3900.409210080135,1237.392719607008,21775.68546145702,3962.175368956949,135.0,6570.669181464562,693.5052719789984,10041.983463480843,19.739162499743067,4.4033,14.2567,135.8783,0.4185676614624754,0.42922139239419693,0.0011626730784211365,7.0
1971-01-01,70130.0,34117.0,67.0,17427.0,16029.0,19671.0,130417.0,80.9,29.4,41.2,46.4,66.6,41.4,74.0,117.1,40.7,0.0,20.3,21.0,20.8,12.613740544095672,10.5,7352.0,20.04977864278323,27938.4024882781,4273.437037603146,1207.3866605865148,22449.49623127102,4253.155200214497,69.0,6629.286026328944,718.2242717723094,10398.766677248143,19.878236386709677,4.3933,16.6467,135.792,0.4142158893215144,0.42607584149978694,0.0011581096454204118,7.0
1971-04-01,71688.0,34705.0,68.6,18654.0,16651.0,20375.0,132168.0,80.9,30.2,41.9,47.0,66.8,41.8,75.2,123.9,40.2,-0.1,21.4,21.6,21.5,13.065652384228889,10.7,7476.0,20.762958688466124,28781.071023782202,4533.613939598396,1192.8922228843956,23024.58365927728,4168.7653757012185,75.0,6682.268261816991,738.6283704022045,10830.376765635332,19.86934166742496,3.84,17.87,158.3981,0.41347942939838744,0.42724087840724606,0.0011568192237442236,6.0
1971-07-01,72947.0,35040.0,67.9,18776.0,16353.0,20578.0,134182.0,80.4,30.6,42.3,47.4,66.5,43.2,74.7,116.7,40.5,-0.7,21.7,21.9,21.9,13.244711792583558,10.9,7712.0,20.92443341579055,29830.90717016999,4664.403356995965,1208.8167549860077,23936.097232667198,4185.250374860772,54.0,6866.311816670206,927.7063510392329,11324.047515822078,20.939670550863205,3.42,18.28,180.11,0.4096178265678122,0.43079309007883515,0.0011685213437434563,5.6848
1971-10-01,73467.0,34934.0,69.7,18683.0,16833.0,20540.0,134282.0,80.4,31.1,42.7,47.8,66.4,45.0,75.3,124.2,42.0,-1.3,22.0,22.2,22.2,13.409560136783094,11.2,7857.0,21.274295324993474,31317.34951451199,5218.041737648305,1483.5478356646456,24772.815935482864,4159.06831737207,103.0,7172.287245044105,1135.5234399250346,11870.321218752786,21.82106157500107,3.42,19.7,181.6637,0.39932912706652823,0.43101590448687555,0.0012230704351586762,5.0
1972-01-01,74672.0,35796.0,69.5,18415.0,17518.0,19931.0,134241.0,78.2,30.7,43.0,48.6,63.2,43.2,76.3,123.1,40.9,-5.1,22.7,22.4,22.5,13.617041673448034,11.3,8124.0,21.57033232508826,32946.7452288519,5492.136222640141,1693.7397136610075,25958.498787570014,4247.311548167327,188.0,7817.718695778105,1321.608022783563,12480.422016161887,23.33355495028961,3.09,18.7667,206.0305,0.3849114703618168,0.4339524388127062,0.0012553351744915891,5.0
1972-04-01,76338.0,35982.0,71.0,18513.0,17853.0,20413.0,137602.0,82.2,31.6,43.6,49.5,68.0,46.3,78.5,119.5,42.9,1.9,22.9,22.9,22.9,13.872840828240419,11.5,8404.0,22.027844052507472,34932.17443142677,6242.347542119936,2046.497911040922,26907.699709757075,4447.070949747799,228.0,8574.12600875316,1649.1860797128222,13187.148644596497,24.9983427223274,2.9933,17.8133,219.3298,0.3850893407270487,0.4360338362256911,0.0012684579660936113,5.0989
1972-07-01,77474.0,36520.0,69.0,17033.0,17396.0,20342.0,137909.0,82.9,32.2,43.8,50.0,68.7,47.7,77.8,123.1,42.9,3.3,23.5,23.2,23.2,14.100217854722539,11.7,8625.0,22.39116218898744,36339.803991836925,6881.327999187331,2046.497911040922,27818.74180090144,4511.062489741698,218.0,9033.183197717377,1768.4889025005584,13936.331582086616,27.739500832968165,3.11,17.31,216.5384,0.40889761203794567,0.45785449384185706,0.0013582009053495594,6.0
1972-10-01,78073.0,36840.0,68.7,20374.0,19626.0,20446.0,140250.0,86.2,32.7,44.4,51.0,71.1,47.7,78.3,123.0,45.0,7.0,24.0,23.8,23.8,14.444125607276746,12.2,9023.0,22.902498825514794,38120.85372594234,7494.503476257774,2314.0303196925756,28851.892151382435,4704.985151665874,226.0,9702.799675834603,2000.0767349708694,14656.648641897995,28.85247468790734,3.2067,16.6967,213.5724,0.4230655328510386,0.4677487253847233,0.0014049740859554717,7.4049
1973-01-01,81159.0,37293.0,73.3,20248.0,19655.0,21876.0,147533.0,89.5,33.8,45.6,53.1,73.6,48.6,80.4,127.0,46.7,16.3,25.2,23.9,24.1,14.69708254923811,12.3,9359.0,23.33309809837994,40108.613193987054,8180.550225406288,2693.0000034336977,29989.025316454776,4840.715199313354,365.0,10273.77539599936,2257.1090681869296,15495.014628051753,30.21294445429717,3.5367,17.6733,197.073,0.41318899264523595,0.47913372622298883,0.0014735746075981338,8.7917
1973-04-01,80535.0,37470.0,71.3,20684.0,19769.0,21520.0,148103.0,89.6,34.2,45.5,51.8,73.7,49.5,82.8,128.2,47.7,8.4,26.4,24.6,24.7,15.166047666357484,12.2,9695.0,24.073190598616907,42172.03377745557,8461.347143898494,2744.522635323937,31550.536648019177,4949.273683617326,235.0,10784.23282975081,2386.775988603814,16127.59775498003,30.80052927028475,3.6533,14.8533,192.7342,0.3951319740793425,0.4843084075939558,0.0014917814033038482,7.9918
1973-07-01,81123.0,37840.0,71.0,21203.0,20353.0,21418.0,146900.0,90.3,34.2,45.6,51.8,74.2,48.6,82.0,135.9,48.4,8.0,26.9,24.9,25.2,15.39626690567063,12.7,9994.0,24.463421189650944,44671.99201984584,9613.964776274126,2973.641266040712,32942.35993500576,5049.090554560866,161.0,11828.56317586616,2603.8926925576666,16716.49926503587,31.545748825559464,3.9433,13.1967,179.9029,0.4030957755562722,0.5242463958060288,0.0015203407144354678,8.6413
1973-10-01,80432.0,37898.0,69.2,21344.0,20702.0,21626.0,146622.0,90.6,34.5,45.7,51.7,73.9,49.8,81.5,135.6,50.5,4.0,28.5,25.6,26.0,15.927760705072592,13.1,10358.0,25.324619735381226,46604.50577727404,10105.308802318801,3130.4711309163654,34343.71625820458,5183.823437471973,9.0,13421.836201600454,3024.556306468257,17173.049195959422,32.433567909938525,4.3067,9.8333,169.7678,0.4199916001679967,0.5214308061320263,0.0015291041269450013,11.6685
1974-01-01,78912.0,37455.0,66.2,21935.0,20131.0,21782.0,142961.0,86.0,33.7,45.4,50.0,68.7,45.0,83.6,133.2,49.8,-6.7,30.0,26.5,27.0,16.588501290752646,13.3,10574.0,26.480079059205732,47906.581584005,9972.545776113502,3158.684164015124,35681.20123878142,5363.144180914815,11.0,14148.67395457854,3289.78894719492,17619.980144946563,31.652862909577646,5.19,7.3067,139.3495,0.4383273428596476,0.5051015254066067,0.0015105007748113723,12.6111
1974-04-01,79298.0,37999.0,65.2,22628.0,20634.0,20864.0,145663.0,91.6,34.6,45.5,50.0,74.6,49.3,81.7,134.0,51.2,1.2,31.1,28.3,28.6,17.57519821274615,14.0,11098.0,28.05443073816436,48758.28528233554,9867.880634216495,2670.6521729256688,36833.745316840854,5416.465390233382,-29.0,14994.634924433956,3475.150394975486,17904.068038313937,30.17558307864627,6.2667,5.3033,121.6052,0.4167187565112305,0.504999495000505,0.0014886080547093232,11.967
1974-07-01,80098.0,38457.0,63.5,22771.0,20460.0,20881.0,147138.0,90.8,34.6,45.9,50.3,74.5,51.9,80.6,124.3,51.3,0.5,31.6,29.1,29.5,18.01675871374877,14.7,12058.0,28.648038748263513,49615.01070060184,9350.870070586783,2899.867478260398,37892.86564002037,5722.819974681878,155.0,16035.101771846888,3536.4488415625706,18319.985940931056,29.789708151489393,8.2967,4.2767,94.4006,0.4250797024442083,0.5072537283149031,0.0014293755544190433,11.7283
1974-10-01,80317.0,39028.0,60.4,22271.0,20184.0,21227.0,145349.0,87.1,34.3,45.9,49.8,71.7,51.5,78.5,125.0,48.0,-2.9,33.5,30.2,30.8,18.823560616815282,15.6,12885.0,30.17077233938743,51697.77424664409,9250.021096446666,3576.032847278942,39540.17429749491,5991.364974340845,322.0,16257.527153360028,3289.573577834103,18890.17319639838,28.6808098024034,10.96,6.6233,72.515,0.4290924694271616,0.5199396869963084,0.0014306505726107384,11.5
1975-01-01,80048.0,40621.0,61.0,22174.0,19368.0,20919.0,145737.0,86.3,34.3,46.0,49.2,70.7,49.8,79.2,110.7,45.9,3.0,36.3,31.9,32.6,19.96427520652531,16.8,14362.0,32.100667693888035,53374.1937274806,9833.654900267753,3140.332293472542,40975.84955105778,6169.74865642478,307.0,16737.742621396766,3305.2981169250884,19532.30435704899,27.519560025790977,7.9133,6.8167,103.6411,0.41793789442888785,0.5397236614853195,0.0014255244718360555,10.7833
1975-04-01,80202.0,40041.0,60.7,21283.0,18350.0,21039.0,143391.0,82.0,33.9,46.2,48.9,67.9,50.8,76.8,106.8,43.4,-8.9,39.6,34.9,35.6,21.51177218210593,18.0,14630.0,35.49049820236261,55050.64464432598,9645.921488535369,3331.7586823416614,42435.391351408376,6355.888150773233,265.0,16702.377916386307,3360.334003743537,20268.79856505073,26.377214388789223,5.91,7.3067,139.4491,0.4301075268817204,0.5578489345085351,0.0014722039791612471,9.9615
1975-07-01,79319.0,40172.0,60.2,21238.0,19388.0,20853.0,143163.0,80.8,34.0,46.2,47.5,66.9,49.5,78.9,109.1,43.4,-10.2,40.6,36.6,37.2,22.623967878310737,18.9,15534.0,36.36363636363637,56974.28790693171,10324.425340566482,3339.7365540742967,43812.19010710779,6500.2143910117375,296.0,16342.868642420031,3457.9327115349643,20950.633585832165,25.66377650383061,6.2633,9.1633,135.3152,0.4697040864255519,0.5654509471303365,0.0015760215259324098,10.7065
1975-10-01,78588.0,40981.0,59.9,22314.0,18980.0,20339.0,145198.0,81.8,33.4,46.3,47.5,68.2,51.4,80.2,104.7,46.7,-4.9,42.1,37.9,38.5,23.48492544423368,19.6,15816.0,37.80174627632255,57939.61435417373,10355.987369826296,3107.450399716293,45100.354373874536,6659.760062075444,382.0,16363.007075794827,3242.6569006213585,21680.153346475512,25.421559774356414,5.6133,10.12,152.6083,0.4896200548374461,0.5757052389176741,0.001612512581629418,11.731
1976-01-01,79093.0,41036.0,60.8,22812.0,18728.0,21453.0,147562.0,82.8,33.1,46.7,48.2,69.0,51.4,77.9,111.3,49.1,-2.4,45.0,38.9,39.6,24.266379838239107,20.2,16244.0,38.98305084745763,59968.89310605902,10748.729405807735,3256.894952443912,46510.25772095393,6846.049041715571,329.0,16268.662191773983,3355.026199157742,22447.131987080815,25.105342597756746,5.2267,10.3467,166.6867,0.5008263634997746,0.57567209717345,0.001655335344455421,9.8681
1976-04-01,79574.0,41367.0,59.1,23672.0,20269.0,21270.0,146396.0,84.0,33.3,47.1,48.8,70.3,51.3,82.2,113.4,49.7,3.5,46.6,40.3,41.0,24.969338513715115,20.8,16688.0,40.44684129429892,61847.32279918384,11476.096463953632,3187.1328206596177,47770.21278388261,7027.507203314386,413.0,17158.371185354546,3316.2148420980775,23299.70343002938,24.864743845420694,5.5133,8.8767,163.2037,0.5532809560694921,0.6124823911312549,0.00185142773775711,10.5055
1976-07-01,80300.0,41206.0,58.3,23811.0,20497.0,20923.0,147802.0,83.9,33.7,47.3,48.8,70.3,49.9,82.7,115.2,51.2,5.0,47.2,41.3,42.2,25.700549859899038,21.3,17166.0,41.628145865434,64092.98700649751,11945.276621093844,3393.300474996037,49407.0193001832,7263.9330467545915,296.0,18032.123190040522,3410.5656038519187,24205.141015601723,24.692232458204366,6.2767,7.77,150.2002,0.5662193533774984,0.6236746912810278,0.001943719221206132,11.7935
1976-10-01,80435.0,40893.0,60.2,24638.0,20516.0,20941.0,150899.0,86.3,34.4,47.7,49.1,73.1,52.5,81.7,120.4,52.3,7.2,51.4,42.7,43.9,26.939192346475547,22.1,17645.0,43.40010272213662,64838.52337639869,11927.717415644944,3456.0471524027735,50195.724403219174,7419.1644881622115,74.0,18983.35661685462,3709.794472869115,25124.036779437665,23.97037844699937,7.3767,9.2967,131.7205,0.6045583701106342,0.6740361283364789,0.0020589540307628324,14.7201
1977-01-01,78739.0,40485.0,58.6,24746.0,20355.0,20179.0,151129.0,87.5,34.9,47.7,48.4,74.8,52.0,82.6,115.0,53.0,8.4,54.9,44.6,46.0,28.1952529429818,22.9,18150.0,45.45454545454546,66053.91870007024,12315.038128772898,3197.8822105661616,51233.699267214666,7573.571335811722,-19.0,18993.949416707786,3660.8956002038813,25960.66552590057,23.27801081634067,5.88,9.18,167.8354,0.5832264084917765,0.6532532009406846,0.00204350583042866,11.8778
1977-04-01,78598.0,40758.0,58.8,25297.0,20854.0,21131.0,150412.0,85.7,34.0,47.4,47.7,74.4,54.2,81.8,113.6,52.5,5.8,56.8,46.8,48.1,29.188605228781608,23.8,18452.0,47.58602978941962,68564.1929819912,12394.262820094526,3639.89004857577,53138.312232219076,7873.945485393235,53.0,19623.021396274245,3739.2966957466174,26947.50143948169,22.992904331645274,5.6167,9.2933,184.2043,0.5816997266011285,0.6562110374696503,0.002113311538047004,8.4368
1977-07-01,79546.0,40650.0,59.5,26211.0,20306.0,20688.0,151567.0,85.1,34.7,48.0,48.7,73.9,54.2,82.1,110.9,51.6,5.2,57.1,47.7,49.3,29.90954560530497,24.3,18843.0,48.17668207498716,71064.40604434536,12855.778085412574,3817.9281487778453,55050.71502530121,7987.015147959406,332.0,20267.561606097395,3918.765427997845,28171.81572342289,22.935232635368806,5.3633,8.9933,202.1143,0.5760036864235931,0.6584145377929945,0.002164296041069682,7.2826
1977-10-01,81182.0,40569.0,60.7,25186.0,20034.0,21292.0,153672.0,85.3,34.8,48.3,49.0,74.2,53.0,83.0,112.4,49.8,1.5,57.5,48.5,50.1,30.543880461449138,25.0,19488.0,48.972778633795585,74483.16005081097,14079.359429157701,3953.4349250427586,57334.10838058512,8371.563280426833,395.0,20727.177121670928,4085.776879386054,29585.77704517815,22.771025947936714,5.2,7.9467,214.474,0.5505698397841766,0.6467886941336265,0.0022322340399172557,5.875
1978-01-01,83159.0,41078.0,61.5,25457.0,21399.0,21816.0,154409.0,85.2,35.7,48.7,50.0,74.5,54.6,83.1,111.1,52.0,-0.5,58.7,49.3,51.0,31.105536371956905,25.9,20286.0,49.97431946584489,78447.22443735438,15250.124312021744,4510.298538452585,59659.372061786824,8647.015417800181,446.0,20942.13660648237,4336.037513809169,30904.07570184136,23.498663015739467,5.6067,7.9867,204.0502,0.5190760446405398,0.6423020104052926,0.0021817878748011574,6.5444
1978-04-01,82844.0,41076.0,64.7,25931.0,21523.0,21545.0,155849.0,87.1,35.8,49.1,50.9,76.7,55.5,86.3,111.7,52.2,3.1,60.6,50.5,52.2,31.61924951689304,26.6,21209.0,51.36106831022086,80476.54369310515,15427.436716408243,4360.944354394176,61655.54808722691,8985.366610900446,478.0,21587.780158991933,4687.549659478407,32503.531760920556,24.23876991647268,5.58,8.4267,211.0762,0.5446623093681917,0.6730833950326446,0.002463443119960565,8.5027
1978-07-01,84699.0,41497.0,64.2,25989.0,21494.0,21178.0,157492.0,87.4,35.7,49.6,51.8,77.4,55.1,84.5,116.5,52.7,4.7,61.3,51.5,53.3,32.19865364082254,27.0,21746.0,51.97740112994351,82865.33073919448,15466.420294677615,4368.857158847602,63925.2210149161,9235.776043787,374.0,21977.378663160882,4974.718754232266,33900.67595562645,26.13689237736799,5.3467,8.1033,228.3034,0.5170096163788647,0.6639665360865813,0.0026838490259775117,10.0
1978-10-01,84063.0,41697.0,63.3,25945.0,20208.0,20845.0,158632.0,86.0,36.2,50.0,52.4,77.2,53.1,83.4,115.7,53.1,4.1,61.8,52.5,54.3,32.822624576921584,27.7,22426.0,52.876219825372374,85776.79083626207,15800.924546924483,4781.685945441631,66076.89273142726,9550.077057932738,440.0,22631.467313850197,5279.315337410054,35406.86920184187,27.10752230258873,5.62,8.4667,223.5373,0.5032965926820675,0.6767273465520741,0.0026409173701850467,11.4402
1979-01-01,85553.0,41560.0,61.0,23955.0,21596.0,21449.0,157255.0,84.8,35.0,49.7,51.5,77.5,58.6,83.4,120.8,49.8,4.0,65.1,53.8,55.7,33.7316465140596,28.7,23329.0,54.365690806368775,88547.26012959755,15716.669716471326,4743.076058925642,68846.67041453019,9835.276893871249,431.0,23829.15069153565,5678.302094423525,37097.625450904874,27.89867634047267,5.51,8.6367,234.8561,0.4957120904178853,0.6715916722632639,0.0024602473237429613,12.9056
1979-04-01,90457.0,42319.0,64.7,28382.0,23454.0,21683.0,163976.0,88.5,37.9,51.4,55.0,81.2,58.4,86.9,116.7,55.3,5.8,67.0,55.9,57.6,34.47592823345346,29.4,24390.0,56.599897277863384,91720.66856739881,16238.630178405992,4746.047911092889,71563.8018481127,10097.557932774751,230.0,24970.907004007604,6240.811271113405,38883.31947156866,29.262553786664178,5.05,7.51,264.1488,0.48016901949486224,0.6401229035974907,0.002205448560669133,12.4396
1979-07-01,86557.0,41918.0,65.0,27339.0,23934.0,22025.0,160082.0,85.2,38.4,50.8,51.6,79.5,55.6,86.5,117.2,55.5,2.7,68.9,60.3,61.9,36.96320678685344,31.7,25709.0,60.14381099126862,94970.61748164338,15900.2991801881,4692.5991963485685,74978.00862256764,10428.544530646663,381.0,25608.215535432395,6808.45603972677,40737.823130246754,29.31192698394903,5.8567,6.7633,246.8208,0.44760753771093503,0.6218905472636815,0.002045540690611357,14.0
1979-10-01,87719.0,42176.0,64.7,27538.0,23800.0,22463.0,161730.0,86.3,37.9,51.2,52.9,79.5,54.4,86.3,113.7,54.7,3.0,70.5,62.0,63.6,38.13908769183491,33.0,27049.0,61.73600410888547,98199.41705371282,15572.030070393044,4740.139247303556,78338.59421695548,10670.4921842324,-107.0,26174.666483465564,7492.596057912219,42550.36969257466,30.46178861664034,6.59,6.6733,236.6978,0.4627273147933923,0.6515931452401121,0.0019413415874000718,15.5326
1980-01-01,89225.0,42549.0,63.4,27972.0,24173.0,21720.0,160164.0,84.2,37.9,51.0,51.3,78.2,57.4,86.7,108.9,54.2,1.0,73.6,65.0,66.5,39.66332718107269,34.5,28254.0,64.45814072932717,100913.58263285417,14774.625412883215,4941.236063855828,81322.85662032686,10826.257322609723,110.0,27877.588978989974,7959.513249350284,44276.4846364212,30.238646830917634,6.4633,5.6467,249.0506,0.4438329412809019,0.6257822277847309,0.0018225645889551857,17.0
1980-04-01,86780.0,42165.0,61.3,26809.0,23280.0,20996.0,157277.0,80.5,37.0,50.6,50.0,75.2,56.3,85.0,105.5,49.1,-7.3,76.1,69.2,70.5,41.24341661328293,36.1,29543.0,67.9763739085773,105597.6583688788,15872.628987025299,5175.117273456706,84876.4784629563,11032.415778841889,388.0,29373.531501521025,8529.147471139142,46063.856940939,29.94025813111143,6.74,6.16,252.3547,0.43790506218251884,0.6084205402774397,0.0018857915600644414,17.0
1980-07-01,87890.0,42870.0,60.7,26121.0,21312.0,20598.0,156955.0,76.8,36.0,50.3,48.7,72.5,55.7,84.5,99.9,45.0,-8.8,77.1,70.9,72.1,42.240920413565355,37.3,30447.0,69.05495634309193,109851.65690921758,16946.735576163144,5330.7375400594065,87932.8857267816,11210.545854172873,549.0,30936.188635353512,8932.946039179693,48015.701063149514,29.584822164188385,6.1433,6.61,285.1858,0.41972717733473247,0.5974072525240457,0.0019097027604944373,16.0217
1980-10-01,86112.0,43091.0,56.2,25961.0,20812.0,20145.0,155163.0,73.7,35.6,50.1,48.1,70.9,56.4,84.4,96.4,45.4,-10.9,77.5,72.4,73.5,43.271496177790794,38.8,30941.0,70.39034411915769,115151.07583415344,18308.863721404698,5287.116105846534,92087.06478616268,11299.716069982938,752.0,31617.00821218932,9251.352424548682,50137.01478167316,28.720201087390897,5.9633,7.11,298.6254,0.4188306248952924,0.5618293162537221,0.0019880691991222277,15.1957
1981-01-01,87646.0,42671.0,57.2,25755.0,19947.0,18769.0,153980.0,73.1,36.1,50.5,48.9,70.8,56.7,84.8,100.3,46.9,-9.5,79.9,74.0,75.2,44.411239788981504,39.8,31211.0,72.72727272727273,118365.16109172649,18671.09170462683,5194.760396259058,95001.59503442443,11578.730931869895,977.0,31783.51890508375,9752.019016715096,52546.14915108828,28.259935311806377,6.0833,8.6033,293.8211,0.4329004329004329,0.533731853116994,0.0021037936027002613,13.5333
1981-04-01,87520.0,42986.0,55.4,26044.0,21049.0,19085.0,154174.0,73.3,36.3,50.6,48.9,71.2,58.4,82.6,96.4,47.3,-5.3,82.4,78.0,78.8,46.01183048121146,40.4,31661.0,75.98870056497175,123439.42075780599,20922.25179468522,5428.991090473261,98009.73348068992,11656.21440595333,1041.0,31100.727489804136,10177.022548186802,55196.113044718695,27.699971080760445,5.62,8.9133,319.6203,0.480884828083674,0.5361642807356174,0.0021886450033125142,12.0
1981-07-01,87487.0,43068.0,56.3,27204.0,23421.0,19205.0,156149.0,74.6,37.1,50.9,49.1,72.3,56.3,83.6,97.0,49.4,-0.3,82.9,79.5,80.3,46.99011466884604,41.0,32316.0,77.27272727272727,127986.11850622167,22032.79068098351,5984.9960302437485,100886.20678087432,11822.911869564765,931.0,32302.16494826183,10581.152311786083,57892.18795027641,27.224724535133213,5.74,9.0567,317.5512,0.5435373410153277,0.5617346365576902,0.00234651779106324,12.5048
1981-10-01,87119.0,42298.0,53.8,27058.0,22684.0,19005.0,156029.0,74.6,37.3,50.8,48.2,73.1,59.8,83.8,98.5,49.1,3.1,84.9,81.5,82.1,48.096162232115766,42.1,32898.0,78.7878787878788,131323.65239373228,22351.161874120946,6904.389912792804,102984.56967646648,11919.35677437273,1138.0,35044.82142932194,11367.30660425385,60677.24936128608,26.169890722100646,6.1167,9.5567,300.2601,0.5311802825879103,0.5782686636211184,0.0023651145602365115,14.5965
1982-01-01,87299.0,42953.0,58.4,26480.0,22558.0,19101.0,156464.0,74.3,36.3,51.1,49.2,72.5,57.5,84.4,95.3,48.5,2.3,88.5,82.3,83.2,48.99494621472146,43.0,33482.0,79.89214175654855,134692.34234385224,22791.53220499182,7260.197793073506,105625.5070398378,11863.677883029668,1453.0,37460.3289160482,11662.81128789033,63815.222141207596,26.09842311274797,5.8,9.01,320.9569,0.5422993492407809,0.5615769079575448,0.0023175953928057666,13.7917
1982-04-01,87149.0,42866.0,59.4,27060.0,23519.0,20050.0,158359.0,74.4,36.6,51.2,49.3,73.7,57.2,85.4,98.2,48.0,3.5,90.4,85.2,85.7,49.96893528769231,43.3,34025.0,82.69131997945557,138211.55633586107,22457.703083202607,7517.584006851059,109045.63157920381,11930.299804770684,1778.0,38833.51837147837,12026.24808270761,67213.87801811118,26.12088908837963,5.8767,9.55,328.6221,0.5622399640166423,0.5629679671226707,0.0023029142919782125,13.0179
1982-07-01,88576.0,43000.0,60.7,26491.0,22792.0,20649.0,158253.0,73.6,35.9,51.5,50.0,73.7,57.1,85.6,97.2,48.0,2.0,88.3,86.2,86.7,50.523385105304584,44.1,34320.0,82.92244478685156,142581.30612675726,22284.92421140266,8097.319438907855,112794.02905898889,12094.338816482286,2071.0,40957.34314555917,12762.179287166276,71163.99369651984,26.13812069733009,5.8267,10.65,340.9075,0.5800127602807262,0.550994545154003,0.002240232195586608,11.3614
1982-10-01,89249.0,43303.0,61.8,26934.0,22520.0,20751.0,158976.0,72.9,36.5,51.9,50.4,73.0,57.8,84.7,98.4,48.4,-0.1,88.7,86.9,87.5,51.289134066865984,45.0,34692.0,84.02670775552131,147295.8478180644,22839.946751636733,8506.265381979016,116563.60436672706,12274.28746636172,2127.0,40783.01418896249,13619.18006073009,75322.6533249538,26.377878695766526,5.2967,11.19,378.7014,0.6072382803011902,0.565866908103214,0.0023384843908505395,9.6984
1983-01-01,90557.0,43322.0,63.1,26859.0,23595.0,21079.0,161274.0,74.5,36.5,52.6,51.2,74.6,57.7,85.4,97.7,49.6,3.0,89.8,87.1,87.8,51.847182441228426,45.8,35625.0,84.64304057524397,153827.13008376685,23568.893811323185,9286.117059871805,121560.5047073907,12483.067667879293,2350.0,39982.11824775165,14091.266352112005,79478.05445416861,26.836216421685037,5.0133,12.7133,403.3322,0.652954619653934,0.6188118811881188,0.0027671166920780216,10.7951
1983-04-01,91056.0,44063.0,62.3,26822.0,24204.0,20658.0,162451.0,74.7,37.3,52.8,51.5,75.4,61.8,84.7,100.0,51.3,2.2,91.1,89.1,89.5,52.129626878422165,45.8,36128.0,86.38931689779147,157376.16186428902,24752.698474316723,9922.944354925776,123395.65502791795,12667.02494446558,1406.0,40483.91612844411,14930.476532163944,83508.27610626417,27.785165964098184,4.74,12.5733,436.3352,0.6438320885912954,0.585514374377891,0.0027124506639129866,10.035
1983-07-01,92508.0,43807.0,64.7,27367.0,24356.0,20864.0,164321.0,75.6,37.7,53.3,52.2,76.3,58.0,87.3,99.9,52.2,3.5,92.3,90.2,90.5,52.946944425730464,46.5,36694.0,87.26245505906523,161186.63533983676,25175.752558053242,10110.56305071219,126600.04258816631,12794.481841949393,1185.0,40987.6863528672,16035.474302933142,87324.45327239421,28.144689539485995,4.7067,12.3567,449.3743,0.6626905235255136,0.5701904436081651,0.002731018194589416,9.5611
1983-10-01,92478.0,44179.0,65.4,27792.0,25217.0,22019.0,166221.0,76.7,38.1,53.8,52.7,77.4,59.9,86.5,97.8,52.5,5.9,94.1,91.0,91.4,53.62323476118468,47.1,37356.0,88.05855161787366,166278.03873429177,26882.368106378515,10464.555803096233,129797.72099490532,12965.752047943268,1430.0,41930.20285422661,16434.58044612819,91116.21790138198,28.231373341538212,4.78,12.86,450.4022,0.6810133478616182,0.5739869130983813,0.0029050504592739524,9.0734
1984-01-01,92983.0,44597.0,66.2,28488.0,25520.0,22708.0,167713.0,78.0,38.4,54.6,54.4,77.9,61.4,87.1,97.2,53.5,4.4,95.7,91.3,91.8,54.00059909125907,47.1,37972.0,88.57216230097586,171262.03526287916,27846.144999005282,11106.709747091023,133380.76291494645,13208.716758771787,2232.0,43702.45197994465,17368.631332881294,95015.21255408926,29.064507306756727,4.4167,11.5233,499.4367,0.6969126768415917,0.5793407102717109,0.003019125860413131,8.9444
1984-04-01,93674.0,44032.0,67.1,28404.0,26649.0,22997.0,166498.0,77.8,38.9,54.7,54.0,75.4,52.7,87.8,96.5,53.9,0.1,97.8,93.2,93.6,54.60949207004208,48.5,38611.0,90.6266050333847,177020.12938130053,28423.056669542013,12282.86708459824,137158.7327108102,13395.912920894336,2461.0,45035.23703786722,17828.712664221344,99444.55309017358,29.861354384644123,4.59,10.9367,509.8798,0.7164863509350147,0.590876861262113,0.0031180166171577593,8.8441
1984-07-01,93029.0,44380.0,67.7,29266.0,26864.0,23186.0,167223.0,78.5,39.5,55.2,54.3,74.7,43.0,86.3,93.0,55.4,-2.1,97.2,94.3,94.8,55.03395191219988,48.7,39104.0,90.67796610169492,182211.42454923096,29537.663788634938,13052.019071478153,140676.78099663497,13564.192491834698,2097.0,46607.483531399776,18399.312182964346,103780.15010741595,30.035836176557847,4.8667,11.5367,501.8934,0.7702380035430948,0.5916809656233359,0.0031632996505186546,10.8927
1984-10-01,94713.0,44603.0,66.8,29874.0,27966.0,23473.0,169561.0,78.5,40.1,55.9,55.2,75.7,44.2,85.9,100.4,55.7,-2.2,97.2,95.8,96.1,55.573476099180176,49.3,40466.0,91.628145865434,188563.04791750322,30260.39630867167,14167.100934810185,145104.28807190683,13710.554859478396,1901.0,48813.997795240866,19445.288192390723,107955.4707853082,30.97120594876909,4.5933,12.0833,553.0837,0.8232485387338438,0.6007088364269838,0.003343318711886167,9.9674
1985-01-01,95533.0,45267.0,67.7,30221.0,28038.0,25335.0,171309.0,80.8,40.6,56.3,55.7,78.4,50.7,87.7,110.6,57.1,0.6,99.0,96.9,97.2,56.30511437402981,49.8,41669.0,93.16897791474064,194642.8256715923,32029.51432664288,15071.40429051693,148890.47403780386,13936.59131478391,2405.0,50830.03906471659,21180.633869885296,112648.23182780285,31.186302530063614,4.33,11.65,613.6701,0.8958165367732688,0.6134969325153374,0.0034808300248043945,12.8431
1985-04-01,96117.0,43475.0,67.2,31446.0,27298.0,23296.0,174026.0,81.2,40.5,56.6,56.5,81.5,64.8,86.6,103.6,57.3,8.0,100.9,100.5,100.4,57.2418045266038,51.0,42157.0,95.42886492039035,199776.26699383222,32366.25079760212,15780.9052338011,152695.07530509145,14068.026555792636,1902.0,52416.09576872003,22410.39757028035,117234.41317255708,31.575299369812292,4.5233,11.8133,625.5676,0.7969397513547977,0.5779678649867067,0.003174921674682286,12.4739
1985-07-01,97608.0,44102.0,66.1,30539.0,26758.0,23689.0,174063.0,80.4,40.9,56.9,57.0,80.6,65.5,85.7,111.1,56.5,7.9,99.8,101.1,101.0,57.72814286660452,51.5,42797.0,95.73703133025167,206478.33225101826,33397.92998547387,16795.02367494214,157520.80503448503,14066.035186756499,2459.0,53104.647142615875,22768.004334570254,122355.0846404438,31.791665791669907,4.6267,12.5767,619.3471,0.7263746640517179,0.5700929251467989,0.0030483539041335373,11.5652
1985-10-01,98962.0,44247.0,67.7,30727.0,27598.0,23851.0,175263.0,79.3,41.2,57.5,57.6,80.1,63.4,85.6,105.0,55.3,5.8,100.3,101.6,101.4,58.20160553048552,52.2,43828.0,96.32768361581921,213286.78745962548,34338.79628727304,17715.56056501743,162336.4344971789,14255.21524518955,2731.0,53996.042728541404,23884.544576679164,128157.53600824936,32.20201621593601,4.39,13.3,667.8863,0.6967184560719013,0.594106463878327,0.003361942342016446,11.375
1986-01-01,101923.0,45512.0,64.7,31455.0,28338.0,23916.0,177735.0,80.7,41.7,58.3,58.1,80.6,67.9,86.3,123.6,56.1,2.9,102.1,102.0,102.0,58.651566526958696,52.3,44767.0,96.91833590138675,222814.13259324568,36688.37016396399,18922.571591008265,168864.69700014254,14414.513641559877,2943.0,56341.76679380513,25578.59214729347,133285.27132435888,32.1448827522254,4.1167,14.1333,726.3932,0.6949753283758426,0.640861317610869,0.003701556800759263,12.075
1986-04-01,103420.0,44981.0,69.8,31933.0,29342.0,23381.0,179752.0,80.5,42.0,58.9,59.5,81.8,68.2,86.4,111.4,57.6,0.5,103.9,103.2,103.1,58.789405498598775,52.5,45655.0,98.61325115562404,231227.67476174643,39624.380734303195,19654.035551379297,173685.85108554695,14540.956743678822,3853.0,57031.08386750238,27705.41763652675,139903.09686817162,33.30020069788127,3.84,13.95,801.1147,0.662778366914104,0.6356066865823429,0.003905200477371706,10.3091
1986-07-01,103833.0,44626.0,71.8,31955.0,29564.0,24806.0,180728.0,80.9,42.5,59.4,60.5,82.1,67.2,86.4,113.7,57.5,1.9,103.5,103.5,103.4,59.292004508305915,53.1,46448.0,99.02413970210581,239044.88279799584,43157.00831384,20833.44944376677,177161.75954093307,14728.119544432733,4146.0,57426.10179034259,30291.0822034862,146205.6326809176,34.120554202828174,4.0133,14.28,792.7581,0.6717721348918447,0.6794863083508867,0.0043141066542075265,9.875
1986-10-01,104326.0,44696.0,73.5,32828.0,29973.0,25937.0,183762.0,83.7,44.0,60.1,61.4,83.6,65.2,88.4,126.7,58.8,4.5,103.6,105.1,104.8,59.79948956971314,53.6,47118.0,99.64047252182846,246575.78193062585,44667.43141548498,22781.46666524964,181242.6316613472,15015.80299382631,4042.0,61992.830785711,33508.38032781981,152601.33179493787,35.01823571784587,4.0867,16.5633,805.404,0.698616738857063,0.7265857734505557,0.004365872325302894,10.7228
1987-01-01,105844.0,44740.0,75.1,33711.0,29630.0,24713.0,184714.0,83.4,43.5,60.3,62.2,83.8,70.1,89.5,114.5,60.4,4.0,105.8,106.2,105.9,60.45602897635197,54.5,48009.0,100.3,255124.84150395967,45555.89296938481,27621.047646705905,184973.11286999707,15052.633269648091,3004.0,61758.923933989725,35683.32031417001,159096.94122267462,35.76498975685616,3.6,18.9533,944.5664,0.6483822861959411,0.7289161017566879,0.004239580383291983,10.6694
1987-04-01,107660.0,45133.0,76.0,33348.0,31110.0,25672.0,186651.0,84.2,45.5,61.3,63.8,84.7,68.4,89.4,91.4,61.5,3.4,107.1,107.8,107.4,60.70595605432569,55.3,49294.0,101.9,264635.9302152139,47420.63969748615,29478.977866160825,190732.4765852211,15154.158667618343,3043.0,64375.25241709245,39202.12365096605,165655.82374868213,37.45177692884312,3.2533,19.0333,1066.731,0.6093845216331505,0.7000350017500875,0.0042748616334160805,9.2266
1987-07-01,110118.0,45001.0,79.5,34529.0,32545.0,28062.0,190764.0,86.2,46.7,62.3,64.9,86.1,68.1,89.3,95.8,63.5,4.9,105.8,108.4,107.9,61.16813231503866,56.2,50660.0,102.2,275974.3362532663,50200.87897720716,33062.01777248987,195589.90800884832,15425.88730334886,3315.0,67822.31078199387,41991.25870369113,172410.10507763067,38.41970600082762,3.0433,12.8733,1175.2746,0.6181233774261343,0.6976906439684644,0.004209579824999347,9.4837
1987-10-01,112294.0,44872.0,81.9,34364.0,33163.0,28666.0,192549.0,87.7,46.7,62.7,65.8,86.9,69.2,90.1,114.8,63.5,3.9,107.0,109.6,109.1,61.898404688960625,56.7,52226.0,103.3,287945.3894411082,53345.22456979736,35404.55862519867,202227.93630166323,15726.490089450128,4629.0,71550.73774974862,43494.64944740353,180837.53643405857,37.899154412071155,4.1233,13.1167,915.6406,0.5692491603574885,0.6918021445866482,0.0042159724646406395,9.0217
1988-01-01,114634.0,45318.0,83.7,33816.0,33609.0,29941.0,195633.0,89.6,47.8,63.8,67.3,88.0,66.8,91.2,105.2,63.4,4.9,108.9,109.9,109.4,62.47974863333334,57.5,53714.0,104.0,298584.3083426212,54780.12297626908,37260.18929339704,210259.44028077996,15913.62725868974,4701.0,77347.10773347807,44959.766471112765,189102.22060368856,38.16968649250945,4.1933,12.74,909.3843,0.5563591854901524,0.6862475981334065,0.004350968242717893,8.6223
1988-04-01,115892.0,44936.0,84.3,34499.0,35030.0,30778.0,196557.0,90.2,47.2,64.0,67.3,88.6,67.8,91.1,102.9,65.0,4.6,110.1,112.6,112.1,62.98556141666666,58.5,55036.0,106.4,309261.09209919284,55239.84967780973,39879.40469270034,217557.70798877702,16217.227453466769,4751.0,83415.88080179713,47769.34927962563,200072.84708027114,41.08859093248235,4.2033,12.1933,932.3206,0.5436555398499511,0.6612881893929374,0.004325489634612914,7.9739
1988-07-01,118641.0,44511.0,84.9,34640.0,35984.0,31126.0,199286.0,92.8,47.7,64.8,68.6,90.6,70.9,92.1,109.0,65.7,5.1,109.9,114.6,113.9,63.79775950333334,59.7,56736.0,107.4,327240.02212085313,57197.46213469774,43040.846279602156,229941.12599277656,16696.002318260107,5983.0,88755.31223826429,51041.29599531334,210989.41094033376,45.0585333598628,4.3433,11.7467,946.0131,0.5901794145420208,0.6566850538481744,0.004416569023686502,10.8967
1988-10-01,119884.0,45314.0,86.7,33890.0,38034.0,31178.0,200700.0,93.8,49.0,65.4,69.6,90.9,69.1,91.2,97.4,67.5,4.6,111.3,117.3,116.4,64.66237353000001,61.1,58574.0,108.6,337496.58012343483,58148.65149473766,44953.27420749691,237276.62663238213,16817.435028575343,3600.0,94604.44026283851,54288.50076575919,220178.9870330752,46.822669523417176,4.5367,12.8167,941.0539,0.5584408331937232,0.6533385600418137,0.004461419650501308,12.2772
1989-01-01,120579.0,45171.0,88.3,35573.0,38612.0,33007.0,201193.0,95.2,49.4,65.4,70.1,91.0,66.3,90.7,102.0,68.3,3.5,113.5,119.0,118.1,65.64798446333333,62.2,59951.0,109.9,350650.0291079714,60974.18151664079,47844.30151203275,245545.41671683025,16918.96674641581,2283.0,100402.58725623247,57590.77169924073,229727.50438199812,47.963931330554296,4.2733,12.63,1037.062,0.572737686139748,0.6442468754026542,0.004459054288094147,12.875
1989-04-01,121361.0,45112.0,89.7,34898.0,37842.0,32405.0,202468.0,95.2,49.8,65.8,70.7,91.0,70.6,91.3,110.3,68.1,2.7,116.0,122.6,121.5,66.28587789333334,62.7,61589.0,112.8,365115.8668880128,63774.36483706896,51880.248566390736,253167.27945541055,17183.74553999977,2957.0,107521.25702241172,60454.91835590985,238898.8535588712,49.66416965226425,4.2633,13.2333,1090.0284,0.6153467478924374,0.6618133686300464,0.004462522619411527,13.2308
1989-07-01,121188.0,45880.0,89.4,35782.0,38731.0,32840.0,202668.0,95.3,50.6,65.8,70.6,91.6,69.1,91.9,111.5,68.9,1.1,116.5,123.9,122.9,67.09313950333335,64.2,63234.0,113.6,382161.3915382234,65718.79790749881,55994.81942005286,263427.93668135424,17453.280849835064,3599.0,117693.8813393934,64459.75964026307,247837.3898092395,49.490632145890395,4.0367,12.2067,1182.96,0.6264094211976948,0.6754931099702783,0.004409672705272469,13.7595
1989-10-01,121881.0,45670.0,90.3,36808.0,38099.0,32131.0,202885.0,95.4,50.4,66.1,70.4,91.8,69.1,92.1,112.6,69.0,1.0,119.4,126.2,125.3,68.19295103,65.5,65286.0,115.2,398330.8122332185,69174.87739898548,59327.116491894834,273100.35051846533,17866.55345746671,4755.0,122734.00620549478,68659.42945442747,257816.07939648905,47.69474777865397,4.4,11.62,1129.4216,0.6306363120388472,0.7112881428266591,0.004408720095651591,14.8139
1990-01-01,122094.0,46148.0,93.1,37713.0,39151.0,32343.0,204446.0,95.5,51.2,67.0,71.0,91.1,66.5,93.1,105.8,68.9,0.1,123.1,128.1,127.2,69.46117626666666,66.4,67215.0,116.7,412509.52038269496,71946.94811738704,63736.53495724567,280705.31638370536,18004.313212278106,4726.0,128206.89305958145,73143.89992562846,267797.26379772363,45.37059652722576,4.55,11.0167,1149.0291,0.6038282712396594,0.7279609812914029,0.00408437335093426,14.875
1990-04-01,123053.0,46184.0,93.3,37684.0,39025.0,31843.0,205530.0,96.1,50.8,66.9,70.8,92.4,70.9,92.4,99.2,69.0,1.5,125.9,134.7,133.2,70.70570078,67.9,68886.0,121.9,427251.28547526314,73047.99980816487,68151.5364179663,289695.4863882965,18287.816173960233,4040.0,133105.0100543066,76820.94996066851,276160.0017867745,44.11997857530617,4.87,10.4967,1120.6936,0.5969436485195797,0.7293414047115455,0.0038484214544877984,14.875
1990-07-01,122011.0,46556.0,91.4,37602.0,38312.0,31572.0,203075.0,95.0,50.4,66.5,69.7,90.9,72.0,93.2,104.0,68.5,-0.7,126.0,137.3,135.7,72.12181711000001,69.7,69922.0,123.7,437498.52023315127,72651.3551406702,69624.28941695213,297913.3065283652,18313.77191502268,3263.0,136108.77807489166,79631.22070834268,283509.8839170837,41.979876100142654,5.1733,10.5867,1084.2958,0.5366822304513498,0.6963788300835655,0.003698200233874183,14.875
1990-10-01,121405.0,46964.0,90.2,37862.0,37617.0,31284.0,201905.0,93.8,50.2,66.4,68.5,90.0,73.0,93.3,107.4,67.2,-2.0,127.6,139.5,137.7,73.56225591333335,70.1,70500.0,125.9,445376.93778556277,71438.30521506716,71800.59015297223,304677.16965773737,18271.844118744568,3802.0,139261.12458931757,82300.36593035767,290949.8325274326,39.48543505188169,5.52,11.6933,1017.7424,0.5142974696564493,0.702000702000702,0.003935133263287961,13.9511
1991-01-01,120819.0,47149.0,86.7,36534.0,36484.0,29753.0,201814.0,91.9,48.7,66.3,68.1,89.0,73.8,93.0,114.1,69.0,-2.3,130.4,139.9,138.4,74.33866172333333,71.5,71678.0,126.6,451388.4547546205,71650.07459822846,70398.79459133117,312320.0615714087,18453.52438697072,3301.0,141684.67314108938,84161.29515199902,297335.06866550486,38.808456533684314,5.1967,12.82,1096.15,0.5245764045533232,0.7020992768377449,0.003921745490482904,13.375
1991-04-01,119859.0,48404.0,84.9,37744.0,36574.0,29245.0,201137.0,90.3,49.2,66.5,67.5,87.9,77.4,93.3,108.6,69.6,-4.8,132.8,142.9,141.3,76.61622734,72.6,72593.0,130.1,459315.00079562666,75139.47056008302,68651.46306658225,319130.52293779183,18657.166006301133,2994.0,139973.5009286214,86208.24227758544,303642.85659364675,38.25621130085916,4.81,14.1667,1206.7208,0.5846243788365976,0.6951685783802573,0.004239542638140198,11.7266
1991-07-01,120316.0,48011.0,84.0,38303.0,36800.0,28688.0,200362.0,89.3,49.3,66.8,67.7,87.2,72.2,92.2,110.2,70.6,-4.1,132.3,143.7,142.1,77.69463096999999,73.5,73930.0,131.4,465283.5558964941,75113.77929039171,68927.95109824423,324175.11323047953,18739.021521960276,2535.0,140573.97122860717,87913.69748791831,309525.85264162754,37.37449374191091,4.76,14.2367,1238.7745,0.5936479667557139,0.6988608568034104,0.004352375265277273,10.788
1991-10-01,119588.0,47902.0,82.9,38179.0,37342.0,28892.0,200579.0,89.9,49.6,66.7,67.6,88.1,75.1,92.5,116.8,72.2,-2.2,133.2,145.2,143.4,78.74807478666666,74.6,74745.0,133.0,471616.1372151166,78574.03007313586,69295.28304203902,327151.75436732045,18900.74002332093,2051.0,140546.69006866319,89230.58336553499,314917.2319177711,36.0228145814133,4.9567,14.88,1206.0119,0.5630947688495974,0.7078142695356738,0.0043509549911109995,10.375
1992-01-01,118935.0,48036.0,82.3,38657.0,38061.0,29152.0,201017.0,90.2,50.1,66.5,67.0,88.1,74.5,93.9,120.8,71.8,-1.0,135.8,145.8,144.1,79.50365871666666,75.4,75558.0,133.8,476044.2914366962,77650.73629818013,69044.40371878445,333053.5534198722,18828.861644615536,1845.0,140097.9853471474,88690.24168168961,320156.28359637305,34.716848288496536,4.93,16.15,1206.5675,0.5644615037254459,0.712809180982251,0.004398624462158194,10.375
1992-04-01,120671.0,48244.0,81.2,39616.0,39811.0,29038.0,200527.0,90.2,50.2,66.7,67.8,87.7,73.4,95.4,123.1,72.2,-0.3,135.9,149.3,147.4,79.90514584666667,76.2,75675.0,137.0,481662.57841127587,79137.9429391322,69238.29109129378,337192.5854802704,18962.628189924806,1315.0,141115.80043361225,92192.67758767649,324980.8136145583,34.85774833798353,4.7033,14.6767,1264.4786,0.5534034311012729,0.7034327518289252,0.004249962387832868,10.0618
1992-07-01,121726.0,48208.0,81.1,38839.0,39429.0,29134.0,201521.0,90.5,50.2,66.9,68.3,88.6,76.5,95.0,119.1,72.0,1.6,134.0,149.6,147.7,80.27540396333335,75.9,75611.0,137.0,486887.6061877394,79695.9503229184,71098.66573510191,339591.58558855124,19156.30776604597,1207.0,140934.10458388703,92901.7380599742,329666.39046379825,34.420267010839915,5.1433,17.0433,1149.1675,0.5251825009190694,0.7276431637924762,0.004206042232028843,9.7772
1992-10-01,121729.0,48383.0,80.4,40275.0,39903.0,28240.0,202634.0,90.3,51.1,67.4,69.0,89.0,78.8,93.5,113.0,74.0,1.1,134.4,150.2,148.2,80.84607805,76.2,75997.0,137.9,488253.66914641444,78748.2060771218,69654.1026121098,343466.7071405613,19528.691693330482,-928.0,140908.4541920969,93107.36478300983,332873.57601550745,32.81986359269007,4.62,19.21,1275.9603,0.63403499873193,0.8031483414986748,0.00515566499313781,7.5054
1993-01-01,122634.0,47921.0,79.9,40862.0,40316.0,28779.0,203997.0,91.6,51.1,68.0,70.4,89.3,74.6,95.8,118.1,74.3,1.4,137.0,148.5,147.1,81.30229542666666,77.3,76083.0,138.3,491224.83255202125,79470.03053088607,70501.89328525367,345011.0442390404,19734.346475440456,-86.0,139097.20981007005,95673.28311470753,335939.95730331336,32.60987511818447,4.2733,21.3453,1385.4926,0.6770480704129993,0.8063865817272801,0.005598044714941965,6.1528
1993-04-01,122868.0,47525.0,79.8,40344.0,39941.0,28524.0,204922.0,91.5,51.5,68.6,71.4,89.6,77.5,94.6,117.2,73.3,2.2,138.4,151.1,149.4,81.89405852333333,77.6,77301.0,140.9,495243.77909564687,80492.54356187923,69966.47303467664,348756.84921415214,19839.16772088366,-205.0,138857.9342164945,97080.47258360272,339726.96057369205,33.53010892298219,3.9333,22.0048,1404.2544,0.6516356053694774,0.7862253321802029,0.00593174342836975,5.875
1993-07-01,124959.0,48049.0,80.0,41014.0,40804.0,28600.0,206690.0,91.4,52.4,69.3,72.0,90.5,80.9,94.1,117.5,74.0,2.2,138.1,151.7,150.1,82.52778144666667,78.3,78303.0,141.2,502009.73025254,81925.92744143614,71898.72662275626,352054.74674668175,20204.536628894388,46.0,138060.68210633006,99831.81265746728,344274.81744300056,33.1624834661404,3.7867,23.0862,1471.9257,0.6643635397289397,0.7643506840938622,0.006293004821700294,5.875
1993-10-01,125751.0,48006.0,81.4,42110.0,41306.0,29408.0,208476.0,91.9,52.9,69.7,72.1,91.7,82.9,94.2,125.5,74.9,3.0,136.3,152.5,150.7,82.84167588333334,78.8,78861.0,141.6,510705.0391480787,85082.49255213838,74580.76363711894,355253.0631400106,20625.79722461541,1030.0,135957.82342877085,102917.7200986146,348436.7221826615,32.59222719127647,3.6167,23.9556,1569.0594,0.6706008583690987,0.7641754546843955,0.006195372304703279,5.663
1994-01-01,126951.0,47909.0,82.6,43829.0,42346.0,30017.0,210754.0,93.7,53.5,70.7,74.0,93.0,78.5,96.1,112.8,76.5,4.1,137.7,152.6,150.7,83.18229688333334,78.9,79359.0,142.0,518482.29224506824,88753.59534440318,76038.13670786613,358205.51819428883,20843.406724468106,-325.0,134186.43856383898,101366.82703120059,353249.60208499705,32.63478243959888,3.4,19.438,1676.6672,0.671952694530305,0.7560293339381569,0.006245050797243185,5.2306
1994-04-01,126736.0,48616.0,83.5,44019.0,42724.0,29661.0,213757.0,95.4,55.5,71.6,74.4,95.0,80.6,95.6,137.8,77.7,6.0,139.7,155.4,153.2,83.57428332666667,78.9,79612.0,144.3,522010.84226936457,89638.71732879886,77791.41816409015,359221.90964070155,21176.814050904428,672.0,132457.26608213663,103000.52030037223,358397.45671977516,32.50399035494663,3.7833,18.4945,1544.1186,0.6645401382243488,0.7729767334003246,0.006439481750508719,5.125
1994-07-01,127925.0,48561.0,83.5,45228.0,42499.0,30178.0,216738.0,96.4,56.3,72.6,75.4,95.7,80.3,98.2,119.2,78.4,5.7,139.2,155.5,153.3,83.98400148333333,78.9,80849.0,144.3,527167.0189775804,91052.02391622188,77763.00639704704,363201.2964996769,21560.062344784277,176.0,133139.4858599241,106531.7206339924,363469.7933906067,32.57791358352407,3.8367,17.5937,1554.9903,0.6449532408900355,0.7913270554720265,0.0065093656753336705,5.2228
1994-10-01,128443.0,48404.0,83.9,46445.0,44259.0,30678.0,218317.0,98.0,57.4,73.2,75.8,96.9,79.7,98.4,113.0,79.2,5.6,138.9,156.7,154.4,84.30775796666667,80.1,81860.0,144.8,534505.4991298828,92156.44372261972,80562.57736388997,366358.94662117824,21861.467271441143,-334.0,134770.60704887644,112155.41112167679,369075.17513374676,32.6927294841796,4.0033,16.5618,1518.0564,0.6314725940894166,0.7824726134585289,0.006389890681750217,5.7609
1995-01-01,128012.0,48843.0,83.2,48477.0,43538.0,30640.0,218946.0,96.5,58.1,73.9,76.3,95.9,79.3,93.4,134.8,81.1,3.1,142.1,157.8,155.5,85.18136035666667,80.4,82502.0,145.9,546845.4462246214,93218.94363165023,84528.64250958576,373117.5962017512,22327.560460619512,-1145.0,140053.4680990521,114590.82421016855,374548.56668467703,31.718233472279405,4.12,16.2426,1506.5081,0.6317119393556538,0.8041170794467675,0.006582871106067169,6.4472
1995-04-01,129025.0,49062.0,83.8,47897.0,45138.0,30905.0,220345.0,97.4,59.5,74.1,75.8,96.7,81.8,96.4,129.6,82.3,1.8,144.2,160.7,158.3,85.69932789333332,81.3,83616.0,148.2,558261.2864981382,92739.33420500543,90084.54724770067,379003.8821940826,22399.425995011734,-1635.0,142747.7770500183,117807.35145975402,379474.49773950386,31.865312769065074,4.01,16.3249,1611.0339,0.6262132882459766,0.8336112037345782,0.007416824026949772,6.625
1995-07-01,130426.0,48929.0,83.9,49653.0,46161.0,31202.0,222290.0,97.7,60.9,74.8,76.4,97.1,82.5,95.9,134.4,82.0,1.5,145.2,161.1,158.8,86.30064456999999,81.6,84322.0,148.5,570996.0631052002,93100.1298911708,94170.31122817594,387160.71458241163,22742.77340354413,-1501.0,147063.9166514225,123200.71002570886,384170.69485942065,31.460042793895955,3.8667,16.2148,1714.1204,0.6355662895640015,0.8339588024351596,0.006758967121680333,6.625
1995-10-01,131291.0,49138.0,84.9,50479.0,46576.0,31224.0,223167.0,97.9,61.2,74.9,76.2,97.5,83.0,95.6,136.5,82.4,0.7,145.2,161.3,159.2,86.73614058333332,82.0,85850.0,149.0,586927.72304226,98329.2806959088,99681.39427952816,392408.4490330273,23140.00533042165,-1652.0,153260.02731160788,129139.54939820342,389751.73317838786,31.05573588103005,3.8333,16.5645,1758.3119,0.640861317610869,0.8438106488903889,0.006314793730420192,6.5734
1996-01-01,132511.0,49399.0,85.7,51859.0,48599.0,31630.0,225129.0,98.1,62.6,76.0,77.4,98.1,85.1,96.4,128.1,82.0,2.3,148.4,161.7,159.8,87.42619192666666,83.0,86207.0,150.1,599715.2798095505,99331.0635521575,104020.82536707012,399129.2069278217,23591.12814298799,-915.0,158728.39684546232,132955.97937306145,395313.6496965087,31.07498176510128,3.77,16.22,1831.3292,0.6528267397832616,0.8406893652795292,0.006176244065401484,6.125
1996-04-01,134184.0,49064.0,85.7,52921.0,49195.0,32837.0,226199.0,97.3,62.9,77.0,79.4,97.5,86.1,97.7,116.7,82.1,0.8,150.4,163.8,161.9,87.88706203666668,84.2,87191.0,152.4,612925.9690408319,102418.73171390609,108659.20405617212,404860.42453419365,24055.219904961214,-877.0,164379.6477440159,136346.42187605955,401255.05853149836,31.914004464462916,3.7833,16.412,1885.8256,0.6562971713591914,0.8229775327133568,0.006102550927313126,5.8688
1996-07-01,135489.0,49382.0,86.6,53814.0,50168.0,33076.0,227967.0,97.9,63.9,77.6,79.6,98.0,85.5,96.2,122.9,82.4,0.9,149.3,164.3,162.5,88.31566245666666,84.8,88549.0,152.8,628107.3098880847,103832.67784251188,117172.80939503151,410347.3732879608,24419.51089714501,-1304.0,168849.5678641719,141038.38527173077,407412.9362027369,32.343618536509446,3.8567,17.2306,1892.6069,0.6433350488934637,0.819672131147541,0.005904121785500894,5.6875
1996-10-01,136954.0,49527.0,87.2,55307.0,51210.0,33012.0,229807.0,99.0,65.0,78.1,79.5,99.0,86.0,97.3,126.2,83.4,1.5,147.4,165.9,163.7,88.80298616333333,84.7,89375.0,153.8,642478.8652384611,107176.47884590385,122167.70327828065,415703.24754899874,24667.027397972342,-479.0,173165.37073649367,142712.55682419759,414163.17584125063,32.85759590397387,3.7767,17.9344,1967.4669,0.6108362348054487,0.7716644802839725,0.005408791016214474,5.8587
1997-01-01,137264.0,49622.0,87.9,56295.0,52062.0,33253.0,231356.0,99.8,67.7,78.8,79.6,99.3,83.9,99.4,130.6,85.3,1.2,148.0,166.9,164.7,89.07407498333333,85.5,90996.0,154.4,666010.371428203,108212.02753944544,130947.88535123852,428002.7515759553,25072.222944321944,157.0,171661.13364404676,156155.20459319057,421888.528320918,33.1382022131852,3.6133,18.0909,2087.8053,0.6126324817741836,0.7221259387637203,0.005063368051160271,5.9375
1997-04-01,139573.0,48919.0,88.5,57523.0,54528.0,34371.0,233166.0,99.6,68.3,79.5,80.4,99.2,86.5,98.0,127.0,84.2,1.8,149.0,169.1,166.7,89.29892016333334,86.2,92524.0,156.3,684254.5427760853,110334.20608500559,138466.34726141606,436332.1828484026,25596.18270253264,-203.0,175690.2532108029,164818.77594919948,429004.4189905484,34.59052798859335,3.5567,18.9965,2166.4535,0.6112095837662734,0.6990074094785405,0.005110820475786722,6.1985
1997-07-01,139706.0,48774.0,88.2,58745.0,55126.0,34879.0,235045.0,100.1,69.5,80.2,81.1,99.8,87.0,98.8,127.0,85.7,1.9,149.7,170.9,168.3,89.98181501333333,87.1,94416.0,157.1,701128.1779197261,112037.66300086454,148309.51812580586,442637.61802737066,25886.609484735778,-219.0,176394.86733725088,167659.09219428268,435233.2377839255,35.7098782929193,3.2967,19.2341,2315.5835,0.6146281499692686,0.672178530617732,0.005207384070612128,6.875
1997-10-01,141521.0,49038.0,90.0,58931.0,56897.0,36561.0,237150.0,100.1,71.2,81.4,82.4,99.6,86.6,99.0,124.2,84.6,0.6,149.3,172.6,169.7,90.33605483000001,87.6,96574.0,158.1,718937.891867124,113677.26774701831,155246.42125243432,449838.42233236745,26267.852634676754,-309.0,177632.6844935114,175175.05149842336,442728.9692934723,36.199816464197795,3.2433,20.8098,2370.9964,0.6025185274447189,0.677185616577504,0.004805476705691943,7.1522
1998-01-01,142749.0,48852.0,92.6,59677.0,58279.0,37928.0,239311.0,100.9,73.4,82.2,82.7,100.5,86.9,98.5,118.0,85.5,1.2,149.2,173.2,170.2,90.54865711333333,88.0,98655.0,158.4,733184.9427506414,115217.13523215844,163110.93658205107,454661.28144228476,26693.00860817114,-301.0,180732.19803468595,182280.06068204122,450125.6022662048,36.741559568030695,2.92,22.0548,2608.4341,0.6075703262652652,0.6602403274792025,0.004741464534082358,7.25
1998-04-01,144137.0,49512.0,88.5,59916.0,59654.0,39415.0,240634.0,100.7,74.9,83.1,82.9,100.6,88.5,97.3,121.7,86.6,1.3,151.1,176.7,173.3,90.9818058,88.7,100778.0,160.9,749748.3578503364,115941.32787171857,171902.7963177728,461464.16364735377,27014.952319223543,-288.0,183351.89591537367,187425.07447286719,458047.1305193333,37.91413421226558,2.82,20.6888,2795.7077,0.6047777441790142,0.6652917304237908,0.0044571344013221645,7.3242
1998-07-01,145650.0,49952.0,88.6,59051.0,59913.0,40473.0,243161.0,100.6,77.3,84.4,83.8,100.6,89.2,97.1,118.4,85.8,0.8,151.5,177.2,173.9,91.24384913333331,89.4,102703.0,161.1,766666.7478115776,118196.20561153191,181137.74702560043,469272.80654605315,27455.97854860555,391.0,186145.84645014387,196200.5665591347,466572.46681023145,38.46894598172076,3.0791,19.8134,2603.6875,0.6047777441790142,0.6760411032990805,0.004326397253256912,7.5
1998-10-01,146806.0,50276.0,89.0,59700.0,60988.0,40709.0,244934.0,100.0,79.2,85.4,84.9,100.4,90.4,97.3,117.6,85.1,0.8,152.2,178.0,174.6,91.62384542,89.6,104412.0,162.1,778595.8735061795,117841.11885870976,182329.10728065157,478161.7620985423,27898.99415476956,409.0,189037.5526941546,193009.400568664,474942.38492281595,38.27872456842972,3.152,22.9314,2496.223,0.5969080164746613,0.7023458350891979,0.005000907664741151,6.8397
1999-01-01,149166.0,50625.0,89.9,59393.0,62534.0,40370.0,245774.0,100.2,80.1,85.7,85.1,100.7,90.8,97.2,109.3,86.0,0.2,153.3,176.9,173.8,91.99207610666667,90.1,106228.0,162.4,785636.4895097053,125861.37381903098,177232.62079788654,482302.130672385,28188.00445338338,314.0,190925.9967441399,197529.86669619824,483561.7049392549,38.79513025985354,2.7825,26.0183,2774.6371,0.6126324817741836,0.686483146838745,0.0052573499066031785,5.7056
1999-04-01,150718.0,51619.0,88.6,60544.0,62928.0,39960.0,247398.0,100.4,82.5,86.6,85.9,101.0,91.4,97.6,106.3,87.8,0.4,152.0,179.3,175.8,92.28444165,91.0,107083.0,164.6,792055.3250289458,123067.49783871735,176774.12937836137,491909.1237081675,29005.053051904655,2994.0,191985.16170437032,206724.71031502858,493440.27820496,40.12352737586826,2.2918,26.6371,2965.8975,0.62266500622665,0.6577216521967904,0.005155043075539939,5.2115
1999-07-01,151975.0,51834.0,90.5,63185.0,65256.0,41123.0,250676.0,102.3,84.8,87.6,86.8,102.8,92.7,97.6,106.8,90.0,2.2,150.3,179.7,176.2,92.36091328666667,91.3,108442.0,164.6,789439.8014519762,122822.23086607068,171559.68490596852,497213.32764870825,29451.06924488319,3577.0,194043.1635467873,206496.6739159553,505180.3599674777,41.437320184577146,2.3146,26.7017,2934.212,0.6244146113019045,0.6547930853850183,0.005515731970726907,5.0625
1999-10-01,154789.0,51775.0,90.3,64167.0,67091.0,41586.0,253447.0,102.7,86.3,88.8,87.6,103.1,93.6,97.8,106.5,91.7,2.7,150.0,181.3,177.4,92.64399293333334,91.2,110042.0,165.6,811686.8156747149,125809.23427127989,177474.63391082062,508139.50561601826,31094.128897492465,3015.0,199487.61176297118,216654.55993453006,515646.58207280707,42.60971797003781,2.2907,27.1019,3000.554,0.6136475208640157,0.636213258684311,0.005880377826036079,5.4076
2000-01-01,157890.0,52652.0,92.1,64962.0,67730.0,41328.0,256262.0,103.1,89.1,89.8,88.2,103.6,93.2,97.0,111.3,92.2,2.9,150.1,182.1,178.2,92.75224976666668,91.6,112277.0,165.8,828697.8119058466,127671.5652454494,190219.41026621038,510384.24259402434,30565.109691022404,2639.0,208105.32220250633,226355.6933143383,527390.6680174054,44.30491049275956,2.2072,25.8305,3050.4472,0.6224712107065048,0.6143260842855388,0.005821443520063896,5.8571
2000-04-01,157806.0,53031.0,89.8,67345.0,69681.0,41021.0,258132.0,103.7,92.2,90.9,88.6,104.1,95.8,96.3,107.4,93.3,3.1,150.3,186.0,180.5,92.85061215,91.9,114123.0,168.0,845956.1907892014,133832.8162958176,194588.77623521767,517183.1080424445,31222.112048850046,3208.0,216763.37459583243,232478.65824197337,539046.8020771714,46.253909904886065,2.1844,26.0511,3014.3205,0.6529972574115188,0.6098304671301379,0.006122394002992626,6.0
2000-07-01,158828.0,53096.0,88.8,67249.0,70808.0,41854.0,259667.0,103.7,94.6,92.0,89.5,103.7,95.3,97.2,114.1,93.7,0.8,151.4,186.1,181.7,93.08058192666665,92.3,116869.0,168.1,860603.203670645,139533.08053156268,194131.76323634706,528871.6107144996,31866.093734128826,2903.0,226807.5813026649,243459.5333986746,546516.0475911065,45.98835083902644,2.1198,23.7119,3104.4242,0.6768647624204683,0.612294881214793,0.006277857994852157,6.0
2000-10-01,159138.0,53486.0,89.9,70274.0,72862.0,43283.0,261234.0,104.6,95.6,92.5,89.9,104.0,95.5,96.5,118.7,95.4,0.9,151.9,187.3,182.8,93.51866842666668,92.5,119236.0,169.1,878205.969313333,136155.03843467467,202807.25074707315,539238.6920191952,32515.09564316823,3313.0,224422.01035965647,258228.14828353672,556230.8123942788,46.16463873605385,2.1829,21.9791,3020.2176,0.6910372469076083,0.6000600060006,0.006301348110414742,6.0
2001-01-01,161204.0,53609.0,91.5,71295.0,73841.0,42555.0,263631.0,104.4,97.2,93.7,91.2,104.0,99.8,97.8,107.0,98.2,0.4,153.3,186.8,182.4,93.51826846333331,93.4,121621.0,168.9,897663.1798359785,137502.8212525057,209312.5320848651,550159.0836475448,33114.10058618856,3720.0,230918.21290471585,266497.8843643968,566818.3040032688,47.49286675857183,2.3278,21.2085,2896.5097,0.6859651529702291,0.6323510813203491,0.005806472591126781,5.8767
2001-04-01,162333.0,53894.0,91.7,69333.0,73937.0,43242.0,263935.0,102.4,97.2,94.1,91.3,102.5,98.6,97.3,95.3,99.4,-1.6,157.6,188.8,184.4,94.25451685333333,94.0,122382.0,171.8,910015.0512069853,141593.50694223543,206975.49834243106,561350.5976731727,33283.10109953838,5232.0,235988.0954054518,270469.7248511882,579678.5385385144,49.1765001858947,2.3997,20.0627,2800.8402,0.7033338022225348,0.6141374439599582,0.005740841205461837,5.3692
2001-07-01,164239.0,54600.0,92.3,67921.0,73327.0,43357.0,265519.0,102.6,96.5,94.7,92.4,102.4,97.3,98.0,114.0,100.1,-1.3,156.3,189.1,184.7,94.50749660666668,93.9,123152.0,172.1,933069.8087790788,143164.9641617356,217957.34862670503,573129.7002307703,33940.10309522376,5590.0,240455.11388895134,270383.70516668726,591599.1582345121,50.953754325088454,2.6348,20.2931,2549.2609,0.6951685783802573,0.619271736437949,0.005722470482066636,5.0538
2001-10-01,165550.0,55256.0,93.3,69145.0,73344.0,42485.0,266563.0,100.5,97.1,95.4,93.6,100.5,96.4,98.9,111.3,99.3,-3.4,156.5,188.8,184.5,94.53632074000001,95.0,123889.0,172.4,936531.373224804,144975.20570921284,208905.79377513178,583056.6910380096,35000.10631505102,6244.0,241337.34670682135,268823.22092280997,605919.2796085323,51.768572402500844,2.6898,21.9687,2480.9766,0.6929046563192904,0.62000124000248,0.005605824227139029,4.2235
2002-01-01,167588.0,55756.0,94.8,69440.0,75709.0,42927.0,267948.0,100.2,98.0,95.9,95.3,100.5,97.2,100.0,116.4,99.2,-3.4,158.3,188.6,184.4,94.95427098,96.1,124971.0,172.9,949728.7077737994,145791.97594234892,208118.09387308423,595504.5724325847,35544.10796749067,7895.0,242780.49325343786,271330.4968340958,622608.1312733635,53.11311384107352,2.6694,22.582,2511.8679,0.7011639321273314,0.6144393241167435,0.0052942967188596085,4.0
2002-04-01,168803.0,56288.0,94.4,71533.0,78367.0,43981.0,269392.0,99.4,96.9,96.5,95.5,100.5,97.6,100.2,105.0,99.0,-2.0,157.3,191.4,186.9,95.17494489,96.9,126664.0,175.0,965505.6587670376,147452.61042511297,210801.465634427,607851.5222108695,36639.11129363298,8150.0,242990.56077924673,277819.4490145433,639842.6225902202,57.516195872508284,2.7631,19.3058,2459.3131,0.6839945280437757,0.6279434850863422,0.0053962696667048,4.0
2002-07-01,169715.0,56429.0,95.8,71056.0,78006.0,44765.0,271368.0,100.3,98.4,97.4,96.7,100.2,99.2,100.7,103.5,100.0,-2.1,156.2,192.4,187.7,95.48182689666667,97.3,127816.0,175.5,988096.2706830598,150955.59923943508,219994.98864553965,617649.5014881953,36672.11139387289,10940.0,248360.67986704042,285665.9942712282,659587.3447639192,61.39102089172689,3.3564,19.1932,2012.3123,0.6451196696987291,0.6345177664974619,0.005411923116055445,4.0
2002-10-01,170727.0,56395.0,97.0,68564.0,76624.0,46393.0,272761.0,99.4,99.3,98.0,98.0,100.2,99.7,99.3,108.4,98.0,-0.3,156.4,194.2,189.3,95.93731404333334,97.6,129230.0,176.9,1004516.6048490297,154883.48059906648,220408.27064030385,630056.0145067803,37237.11311010157,12501.0,258369.82749836482,280374.1187647798,678174.6662811505,63.916646794273895,3.4926,17.7912,1924.0625,0.6360109393881574,0.6364562118126273,0.005196784022175716,4.0
2003-01-01,171828.0,57099.0,97.0,72662.0,78836.0,44934.0,274119.0,99.3,99.2,98.6,98.2,99.9,98.1,100.1,104.4,98.3,-0.6,157.3,195.3,190.4,96.31974692,98.8,129933.0,177.9,1018126.5923864293,158322.72665578642,215506.5095081508,644191.9410216702,37881.11506629851,13492.0,262910.30654725584,282544.9395169998,691438.9792350116,65.85816209332721,3.7738,17.67,1777.9746,0.6238303181534622,0.6695232994108195,0.005245488879563576,3.8516
2003-04-01,174146.0,57684.0,98.9,70611.0,77283.0,44161.0,275712.0,99.4,99.8,99.3,99.4,99.4,98.9,99.4,100.7,99.4,-1.1,159.0,197.7,192.6,96.40310891,99.8,131181.0,180.1,1041490.2386861837,157250.65504306677,228962.44701038755,656296.4526498436,38902.118167660425,12253.0,269725.2184406518,290250.85126490315,711194.6708129953,68.7878950270833,3.4948,17.9913,1932.8741,0.6177415369409439,0.702247191011236,0.005213606679255789,3.75
2003-07-01,175140.0,58445.0,101.7,70334.0,78089.0,43924.0,278748.0,100.0,100.3,100.4,100.6,100.0,100.6,100.2,97.9,99.8,-0.3,159.3,198.2,193.1,96.81835827000002,100.5,132790.0,180.5,1053624.8149717746,161282.5413853062,224888.00915492652,667205.2126820486,39515.1200296926,14262.0,270138.83537274896,293798.7141746258,733951.8938582712,70.88495774261769,3.3071,18.4267,2053.9569,0.6207709975789931,0.6994474365251452,0.005289295365360722,3.5265
2003-10-01,176046.0,59471.0,102.4,71790.0,80634.0,45732.0,281717.0,101.3,100.7,101.7,101.8,100.8,102.3,100.4,97.0,102.5,0.6,160.5,199.4,194.2,97.20036931666668,100.9,133785.0,181.5,1077133.253649951,168240.11452504108,225977.4217652731,683848.4709028429,40000.121502915455,17309.0,276211.30399023107,307442.3425861685,756399.5729591813,72.8600961772375,3.1845,18.4429,2147.4719,0.5856172405715624,0.6980315510261064,0.005386387091631062,3.6515
2004-01-01,178197.0,59969.0,102.8,73389.0,81648.0,47256.0,283725.0,101.7,100.7,102.5,103.6,100.9,102.2,100.4,108.5,104.7,1.0,160.7,200.4,195.3,97.49806045666666,101.1,134980.0,182.0,1098290.3674027934,171338.83074624583,230865.67154880075,695951.691814366,40562.123210031416,15872.0,280291.72044513386,317200.78199658776,776617.6998589196,76.0671024442847,3.0914,17.4681,2219.2453,0.543980851874014,0.6798558705554422,0.005073636219268351,3.9038
2004-04-01,180362.0,59530.0,103.4,74861.0,83313.0,47102.0,286307.0,102.4,102.2,103.6,105.2,101.3,100.7,102.6,105.2,103.8,2.0,160.4,203.6,198.0,97.79343286666666,102.4,136807.0,184.0,1124985.512802483,176576.14391344995,239482.16466235163,710174.9588541562,41407.12577678051,13738.0,282716.69650982996,329583.1462424416,798760.0861398454,80.29238409512504,3.1226,16.0877,2230.6541,0.5530973451327433,0.6668444918644971,0.005046849907693115,4.2115
2004-07-01,181032.0,60002.0,104.4,75097.0,84300.0,47813.0,287400.0,101.6,103.1,104.3,106.0,100.3,101.0,101.3,103.4,102.1,0.4,158.8,205.2,199.4,98.04732822999999,103.0,138323.0,184.3,1149246.2399116252,180239.53275777848,241852.1112547044,726323.2737870882,41809.117289586386,12092.0,292758.3116716918,348986.1400627393,816981.1314941348,82.79224073079308,3.2304,15.662,2205.6418,0.5499037668408029,0.6725854183481302,0.005003795378794816,4.6553
2004-10-01,181843.0,60628.0,105.4,75942.0,86442.0,47321.0,289091.0,102.4,104.1,105.0,105.9,100.6,100.6,102.0,106.1,102.9,-0.2,160.0,207.1,201.1,98.59052762,103.9,140544.0,185.6,1176259.9284359645,180289.63631561783,254845.9978414506,742156.5929118139,42283.10591951287,7908.0,296232.75780757604,362943.92107576196,834723.7943218192,81.79026701075625,3.1,16.1539,2346.0544,0.5354178936660063,0.6954102920723227,0.005069852426735562,4.75
2005-01-01,182082.0,60888.0,106.0,75864.0,85854.0,48088.0,289706.0,101.6,105.8,105.6,105.6,99.7,99.9,102.2,122.2,103.9,-1.2,162.2,207.4,201.5,99.20009752666665,104.1,142044.0,186.0,1214988.054351662,186476.6691670227,272238.8805999162,755982.2507316925,42633.098518884486,6236.0,310154.10035574785,371754.27858174016,846869.5000787285,81.46136077379822,3.0163,15.2969,2474.8507,0.5290445455507353,0.6934812760055479,0.005060913150681604,4.75
2005-04-01,182157.0,61622.0,106.4,79731.0,87806.0,47910.0,291015.0,100.9,105.9,106.3,105.7,99.5,101.9,103.0,110.1,103.3,-1.8,162.6,210.1,204.0,99.70712756333334,104.6,143401.0,188.1,1243955.8394952964,194534.00001184992,277929.86122761667,772633.7233041865,42965.085057508186,10048.0,327385.11626971024,376069.0026021441,860357.0205149068,83.54222464954215,3.1365,15.2598,2480.1829,0.5389382915656158,0.678472080873872,0.005013146977949673,4.75
2005-07-01,182871.0,62013.0,105.1,81069.0,90793.0,49114.0,292525.0,101.1,106.9,107.3,106.2,98.7,101.1,102.2,106.7,104.7,-1.6,161.3,211.2,205.0,100.36570056666669,104.7,144866.0,188.7,1281782.0217043567,192781.10756890973,300376.4594321574,787169.1135344572,44075.0392990257,9232.0,338995.90688702004,394041.56687460357,877670.9154918967,83.06422724029997,3.052,14.6707,2661.5272,0.5601299501484344,0.6836204539239814,0.005037686935967976,4.5909
2005-10-01,184075.0,62247.0,105.0,83750.0,92946.0,49491.0,294512.0,100.3,108.4,108.4,107.5,98.0,100.1,101.9,99.8,105.3,-2.5,161.7,212.3,206.0,100.68927153333334,106.0,146392.0,189.8,1326612.4207218883,200953.0021581413,325639.61379554786,801365.221128039,44273.034983325706,11664.0,349926.46450572106,409286.6257728741,893559.7838071167,82.6712228815055,3.0456,14.4517,2733.3895,0.5720496539099594,0.6804109682248077,0.004879695975421947,4.5
2006-01-01,184650.0,62451.0,105.8,90872.0,101181.0,50459.0,296428.0,101.2,108.5,109.2,108.3,98.8,100.4,101.5,104.2,105.3,-0.9,162.7,212.8,206.5,101.14237086666667,105.9,148429.0,190.1,1365565.305305379,208736.78291923885,337478.17031720316,818799.7107730056,45500.00823906362,12870.0,363725.8792133706,442830.792516387,899427.5413982227,83.83394179702864,2.9103,13.832,2963.3731,0.5705157462345961,0.6866245536940402,0.004881656443664464,4.5
