date,lgdp100,core_pce_ann,real_rate
1960-01-01,816.5415095465921,1.25953129633891,2.05261403865281
1960-04-01,816.0016979006309,1.51899740519761,2.0835968847739705
1960-07-01,816.4904328829939,1.55882459527092,1.66979270171545
1960-10-01,815.1989985005621,1.30918951611556,1.6766316009805697
1961-01-01,815.8717484219001,0.683322392728366,1.8206838268832097
1961-04-01,817.5553506501731,1.31365218756709,1.8720201312908398
1961-07-01,819.457510137889,1.72869519404676,1.8295524815968798
1961-10-01,821.400186991568,0.963784042060444,1.9159038501106598
1962-01-01,823.168129575973,1.48025053868638,1.7166718136211498
1962-04-01,824.0688155851901,1.53448352058553,1.6614639803665399
1962-07-01,825.290884477019,1.30732162148299,1.7668073735074799
1962-10-01,825.619745009363,0.753310122767461,1.8194258533307297
1963-01-01,826.705915191659,1.32018252695936,1.8594428562624798
1963-04-01,827.8220771956439,1.51388722173777,1.8645919309744199
1963-07-01,829.9970825234179,1.5310077173445,2.24056582366559
1963-10-01,830.650845573819,1.9312230165552,2.0380719005601495
1964-01-01,832.737633491249,1.68819052533176,1.94606990096705
1964-04-01,833.8208142284931,1.187736733182,2.02760752310599
1964-07-01,835.371332978279,1.10673789981509,2.13367497748835
1964-10-01,835.680047052232,1.02317409771266,2.57899046449359
1965-01-01,838.071139348044,1.50296104776602,2.9087810981958997
1965-04-01,839.3266949850879,1.24682729278462,3.0034816430642595
1965-07-01,841.5255035022691,1.22821238651828,2.97000968203184
1965-10-01,843.803266117641,1.33487716336452,2.98733239490642
1966-01-01,846.2079556179119,1.99102188512387,3.27991873356535
1966-04-01,846.5488443972429,3.24802378850355,3.15669357510153
1966-07-01,847.3921114560691,3.27550894515694,3.1756843812837
1966-10-01,848.2091678695881,3.45349266508561,2.80795186407423
1967-01-01,849.091061049586,2.19289295576741,1.9627812534902302
1967-04-01,849.152393706652,2.669736707713,1.2296370586503702
1967-07-01,850.094022461429,3.60085037778697,1.0457795835189803
1967-10-01,850.8450485090959,4.02916296347616,1.1991732667167403
1968-01-01,852.8638048472899,4.53415201857521,1.2694460607289697
1968-04-01,854.5203805541529,4.62729805939907,2.05743760243723
1968-07-01,855.291915118027,4.42905921386978,1.8112314174696102
1968-10-01,855.683919873452,4.64467043203335,1.6242383695541198
1969-01-01,857.236239475486,4.35364504871592,2.3686261250110796
1969-04-01,857.5391342319999,4.75449896256929,4.266552685026771
1969-07-01,858.196918435515,4.5717069689637,4.95138832336286
1969-10-01,857.7075137517321,4.68552000053477,4.8961713097688495
1970-01-01,857.558511084194,4.33133606666358,4.47950399555121
1970-04-01,857.700129173441,4.50160130556928,3.801868837128599
1970-07-01,858.617376949429,4.40823320396949,2.55889627132556
1970-10-01,857.540021083269,5.59545236741983,1.0962873117746303
1971-01-01,860.219937601735,5.03327909275431,-0.8923693804092498
1971-04-01,860.7592971279489,4.54016895718993,-0.15489695931395975
1971-07-01,861.5783802897979,3.74489347781698,0.9800400195207297
1971-10-01,861.812969555017,2.28567175726509,1.0306377539239806
1972-01-01,863.633512557391,3.8146122338404,0.07053848345842972
1972-04-01,865.877434758329,2.6989236374697,1.3195080669783796
1972-07-01,866.817095715691,2.98303075043144,1.9793754444807994
1972-10-01,868.477667438493,2.51679708366906,2.35396506787516
1973-01-01,870.9224786168929,2.78137934354212,4.10476243462432
1973-04-01,872.005337909907,5.40651577208519,4.8251606569941305
1973-07-01,871.4781121855531,5.26070917746734,7.305049857124269
1973-10-01,872.4228661386711,5.55313726551239,5.91455535839384
1974-01-01,871.559444090559,6.81445191699065,4.16709407313105
1974-04-01,871.7968590487679,9.81088149469854,5.22117434188077
1974-07-01,870.847085561404,11.2326076730579,4.69510528237954
1974-10-01,870.4579235351221,9.69586704019246,0.5489703122761895
1975-01-01,869.232815305208,7.73036129994974,-3.0162272632662006
1975-04-01,869.9449746097599,6.05775985579138,-3.0328674144282903
1975-07-01,871.642528895607,5.9357222811132,-0.9117197133941701
1975-10-01,872.980629164007,6.48424249699385,-0.9082753421578804
1976-01-01,875.205169394272,6.03117171368492,-1.1108199091572297
1976-04-01,875.9358673205289,4.77363640628643,-0.39538171868499994
1976-07-01,876.4817820753841,6.1902606584652,-0.3670736715030305
1976-10-01,877.201787376241,6.23931009946042,-0.7447112433572007
1977-01-01,878.381039928543,6.66586312585643,-1.1301806488628197
1977-04-01,880.304348718904,6.07285194161283,-0.9228212669285201
1977-07-01,882.091449493443,6.58044391986745,-0.3154553770486199
1977-10-01,882.093442253231,5.79029333342469,0.5487651511931402
1978-01-01,882.412773985872,6.19914354516757,0.9283919847971998
1978-04-01,886.2047344281249,6.83536698993438,1.3127847557419994
1978-07-01,887.2054591878649,6.77971071691894,2.1528322853293
1978-10-01,888.5406313821511,7.13850798941664,3.462395826387019
1979-01-01,888.72006411908,5.44060064549745,4.2033808099413505
1979-04-01,888.826752475034,8.69296022516785,3.8590312300993794
1979-07-01,889.5668119546331,7.28071275084212,4.592011971887589
1979-10-01,889.816545031333,8.28785942159275,7.334152081811659
1980-01-01,890.130622445376,9.6648713655218,8.01929608917697
1980-04-01,888.048664462219,8.85348681777391,5.1808536324830605
1980-07-01,887.9297390241559,8.76810130841828,1.5799105910790097
1980-10-01,889.7774858727489,9.66308648787812,8.19589523399077
1981-01-01,891.7179585407849,8.77262401461196,9.300505037808728
1981-04-01,890.9741232257501,7.49861375778814,11.082932045762972
1981-07-01,892.1645119764421,7.26814549125994,11.22402443375286
1981-10-01,891.068935664419,7.07790546844843,7.115477490285779
1982-01-01,889.503095481728,5.81776498663775,8.575940883086329
1982-04-01,889.9582352758661,5.37257020825924,9.46431658080746
1982-07-01,889.575235933061,6.34343323831954,5.65979305553376
1982-10-01,889.615236719642,5.54859887928989,4.10228955769656
1983-01-01,890.9244198071409,5.20907607719654,3.5556151584263294
1983-04-01,893.174436261632,3.05449593193584,4.2938491104352
1983-07-01,895.153674092315,6.01943927384448,5.1072599664809095
1983-10-01,897.2183939197149,3.20472737300762,5.660733395344881
1984-01-01,899.154323629772,4.01413248128858,6.24738741687597
1984-04-01,900.867329139832,4.66278266662011,6.817133266708501
1984-07-01,901.8267222579309,3.72853741026209,8.3379427268499
1984-10-01,902.6441451798449,2.84848164324705,6.034100344876709
1985-01-01,903.60845991146,5.40920527320273,4.810314722670199
1985-04-01,904.485079918946,3.46140174174647,4.502571467210519
1985-07-01,906.000805956328,4.07383933888332,4.389816511355599
1985-10-01,906.7415051391979,2.87214568316763,4.608305232474399
1986-01-01,907.670920294559,4.29728456245569,4.58039610988026
1986-04-01,908.120205849066,2.72925147993113,3.7734088781783903
1986-07-01,909.072326794417,2.72719113375923,3.34176100420631
1986-10-01,909.607286211128,3.25530592895483,3.3097090869222097
1987-01-01,910.346393010482,2.53060720767503,3.7026382127918795
1987-04-01,911.4187997625571,3.86073901561983,3.8831103746072095
1987-07-01,912.282239395865,3.55066338246492,3.88026614808841
1987-10-01,913.98462312912,4.06123080249204,3.7656199431670605
1988-01-01,914.500174417196,3.84772159284811,3.1605451706499097
1988-04-01,915.805648184748,4.81105106561219,3.4565610201604793
1988-07-01,916.389907705226,4.56282964931668,4.106664268845561
1988-10-01,917.713564642629,4.4641366499444,4.546067761760221
1989-01-01,918.72482903525,4.34301518066017,5.50428913625564
1989-04-01,919.4850318152851,3.62095204535516,6.116238691496
1989-07-01,920.223037466994,2.95315193951854,5.8010654563273105
1989-10-01,920.41982476909,3.65759015304874,5.4815773589151995
1990-01-01,921.506778015299,4.57950823015045,5.020900884643001
1990-04-01,921.869090898983,4.44259136217431,4.80700977181769
1990-07-01,921.935650422545,4.00704309055187,4.4520299719713305
1990-10-01,921.0210763577379,3.36096446509541,4.06805251241952
1991-01-01,920.552037442887,3.53162143058234,2.9030952042538303
1991-04-01,921.328702632293,3.07715707631414,2.6293286488694
1991-07-01,921.832788667634,3.56723989174974,2.5061053107536604
1991-10-01,922.1807275024449,3.15120092136754,1.6727052120966794
1992-01-01,923.3708693445869,3.04830262276176,0.9514922701265305
1992-04-01,924.449336203858,2.81463349969458,0.7513796364807299
1992-07-01,925.432596503733,2.35561858286203,0.51484012792849
1992-10-01,926.470051876064,2.92596733699974,0.33985863624466983
1993-01-01,926.63685640227,2.75046063888926,0.4187587922727203
1993-04-01,927.217339279613,3.02712825096612,0.3234736017820299
1993-07-01,927.693359327089,2.21948261190683,0.41989241746458994
1993-10-01,929.044341629097,2.0560173964895,0.5642037111619898
1994-01-01,930.010026832355,1.81961689947156,1.0296240441099203
1994-04-01,931.356108989889,2.67701322688602,1.8831359832306398
1994-07-01,931.9389914798301,2.22098406336586,2.4575239291277295
1994-10-01,933.0780496665079,2.03101820030215,3.18907270978328
1995-01-01,933.43220231259,2.09659629481574,3.8068039156248497
1995-04-01,933.7300810590991,2.36548509523149,4.114548025902689
1995-07-01,934.577208285169,1.89387267081661,3.95603185216985
1995-10-01,935.253994959862,2.00888325006932,3.8782791958127505
1996-01-01,936.0002536329621,1.57147453554888,3.6314059085407298
1996-04-01,937.654440313853,1.89587568059695,3.6170288008662
1996-07-01,938.5474746071241,1.80905424401717,3.7060806375319792
1996-10-01,939.5804901120609,2.27930430016388,3.60952569928953
1997-01-01,940.2238592458691,1.5711747852379,3.6094740559437297
1997-04-01,941.8753643461359,2.07898936016206,3.82445746980192
1997-07-01,943.116202978074,0.928498520757333,4.05551532611433
1997-10-01,943.966438483011,1.26965328259165,4.27926157651048
1998-01-01,944.965187471646,1.17735837516619,4.3925218541563
1998-04-01,945.8866171198389,1.22537683715687,4.584010367668
1998-07-01,947.137698627532,1.41168454333203,4.49933844747539
1998-10-01,948.734084876585,1.27806701398166,3.7777963064732996
1999-01-01,949.669133389329,1.00226501695337,3.6854693460364105
1999-04-01,950.500411574286,1.38389389768647,3.66088970850221
1999-07-01,951.8175819028651,1.46101044498292,4.016574130821191
1999-10-01,953.444935469971,1.88604534689364,4.09270354168972
2000-01-01,953.8070723707759,2.09192617244235,4.21690433867115
2000-04-01,955.611973405274,1.39179112412981,4.858774721736101
2000-07-01,955.713854075646,1.91579691349762,5.01191869598641
2000-10-01,956.3091176541351,1.98377092157355,4.93652897674092
2001-01-01,955.9807804092211,2.58999886406894,3.86779393405112
2001-04-01,956.6033414006981,1.50972980218875,2.48294255556107
2001-07-01,956.2018974965159,1.04976513296749,1.83020094994696
2001-10-01,956.4762961267521,1.9072784557144,0.4227539965095499
2002-01-01,957.3091766836409,1.22555580050539,0.34958602587786003
2002-04-01,957.920013852988,2.19731705245768,0.19511686116959992
2002-07-01,958.325701257726,2.12117486171161,-0.08316709363728991
2002-10-01,958.449229982124,1.42678842217594,-0.2674438147929201
2003-01-01,958.9744900587091,1.23328634962694,-0.46958004814074994
2003-04-01,959.8562131039961,1.51359380965006,-0.3015790939404601
2003-07-01,961.50573336259,1.81974237441468,-0.46217526757726013
2003-10-01,962.6597700673299,1.7936562851423,-0.57448879646419
2004-01-01,963.22482209122,2.19511785761737,-0.8082316874443101
2004-04-01,963.9967870831139,2.2786670185339,-0.99263407097434
2004-07-01,964.940910071632,1.42381540765644,-0.4609672357315999
2004-10-01,965.955949203745,2.16744195111762,-0.01933330494811014
2005-01-01,967.0592042566691,2.84150214215834,0.3569424597498698
2005-04-01,967.550619287531,1.97490834650676,0.92779464414606
2005-07-01,968.3313774576441,1.54584184860494,1.43588950168238
2005-10-01,968.885356694852,2.67026135525244,1.8592112750318601
2006-01-01,970.221770539623,2.31698106092472,2.4937379015576604
2006-04-01,970.4801891145131,3.16867287574703,2.67523122240025
2006-07-01,970.630032718521,2.14135195044602,2.88880263359587
2006-10-01,971.485810275063,1.7280708977928,3.12435024796078
2007-01-01,971.786194336776,2.74233282852049,3.0286240136948
2007-04-01,972.3960926282439,1.66575168108137,3.3973451458858204
2007-07-01,972.970465739174,1.95012476700944,3.2579824346393202
2007-10-01,973.5967372903939,2.76627464923992,2.3833037449763195
2008-01-01,973.169059731391,2.11526378182989,1.15324079102139
2008-04-01,973.762722324522,1.67318770923175,0.010697524065779618
2008-07-01,973.2360799442439,2.03249272886536,-0.15898145383966988
2008-10-01,971.022738670295,-0.310527945196126,-0.86128993822236
2009-01-01,969.881375534305,-0.00483585476744475,-0.66276862990381
2009-04-01,969.702564812542,1.56259657609517,-0.63726520072719
2009-07-01,970.053141967256,1.41048813540817,-0.505388173091562
2009-10-01,971.128255505181,2.49137657694281,-1.243165850861626
2010-01-01,971.6115865272491,1.36876653905451,-1.57291779964701
2010-04-01,972.5745215095101,1.07425802644547,-1.38993766349337
2010-07-01,973.34264878001,0.610927856385105,-1.1969310781667881
2010-10-01,973.866385144455,1.26388579150406,-0.890058381807098
2011-01-01,973.62889847085,1.7527355567936,-1.016596172546649
2011-04-01,974.303202217717,2.33508598908885,-1.3960216774792524
2011-07-01,974.280886992138,1.81518548522321,-1.7071600932242368
2011-10-01,975.397676673285,1.42728604149762,-1.758267368924541
2012-01-01,976.232770855164,2.51811164436799,-1.919019665411626
2012-04-01,976.678112481796,1.64984209716442,-1.696948386535679
2012-07-01,976.8220368582821,1.14960666270168,-1.540745392087405
2012-10-01,976.937610599857,1.76882338695014,-1.609242435224227
2013-01-01,977.919336526409,1.5592677351809,-1.386681174697372
2013-04-01,978.186615352922,1.12700533198987,-1.282893312574169
2013-07-01,979.0344050081719,1.56611176028008,-1.4207389411720568
2013-10-01,979.9023690319981,1.72439229286759,-1.406211863602182
2014-01-01,979.5566762170321,1.2672130511294,-1.3466884472106744
2014-04-01,980.840245239947,1.73870797659155,-1.4794691492535124
2014-07-01,982.0483100725261,1.49472268090033,-1.4649674690634187
2014-10-01,982.5527686740691,1.08699372549527,-1.2953588778299652
2015-01-01,983.449223461761,0.669583499179033,-1.135912147993486
2015-04-01,984.066718120015,1.77705851176589,-1.132002492150578
2015-07-01,984.466164331584,1.27952139621336,-1.064665472228999
2015-10-01,984.6504735042951,1.00065819595476,-1.0189103522522058
2016-01-01,985.228320156142,1.67182129329906,-1.067047034401277
2016-04-01,985.548929722409,2.18972587789473,-1.156235135601643
2016-07-01,986.255815641519,1.7243642415519,-1.243695770943083
2016-10-01,986.8085841701401,1.38314462495894,-1.2845316364471682
2017-01-01,987.294292903244,1.84162762549707,-1.0711143594651409
2017-04-01,987.8526040045421,1.34422527491346,-0.605955147846802
2017-07-01,988.6380355302271,1.20270495282593,-0.26669190683274
2017-10-01,989.758778307166,1.78172778759668,-0.3145894260334199
2018-01-01,990.568897762083,2.53736654015142,-0.23805256751642
2018-04-01,991.09831899246,2.14157022138349,-0.13992108313587015
2018-07-01,991.7200794749821,1.26622876769172,0.03710779812793996
2018-10-01,991.861623473301,1.86890105182159,0.32299350718487996
2019-01-01,992.4840007640279,1.60141690349737,0.7471462754651599
2019-04-01,993.3156785573169,1.6850942820547,0.85414845078289
2019-07-01,994.4788888154079,1.48015250470814,0.5879812570684899
2019-10-01,995.1584524122129,1.40913210744848,0.13717342777453
2020-01-01,993.833390441417,1.78828798560415,-0.3122162868012801
2020-04-01,985.62906983739,-0.74548981132569,-0.9222803906910733
2020-07-01,993.1048194736351,2.95609491394831,-1.2572952343198809
2020-10-01,994.231958439339,1.8047072285972,-1.3596085478971887
2021-01-01,995.6181230928131,3.40737960613626,-1.774529059466447
2021-04-01,997.305694446989,5.63793612263284,-3.380643618599198
2021-07-01,998.1273623611809,4.70756230166741,-3.797994477742327
2021-10-01,999.828564670153,5.18127751678203,-4.652394961932067
2022-01-01,999.573440878857,5.94844772965724,-5.245711907913395
2022-04-01,999.729865473942,4.74589979870538,-4.362055441742662
2022-07-01,1000.4491718064701,4.9962983467605,-2.976967318601
2022-10-01,1001.1370409414999,4.62725568028994,-1.3075890571884101
2023-01-01,1001.8582846114301,4.60810837245975,-0.06070628333049921
2023-04-01,1002.48419366623,3.89307854039668,0.65874058516314
2023-07-01,1003.6311964058401,2.32918249281711,1.6121942788750503
2023-10-01,1004.4717113084901,2.12562602571243,2.3132904815328303
2024-01-01,1004.6813527499501,3.92129078713433,2.4849948778641804
2024-04-01,1005.56294160422,2.83590590956258,2.74928803557271
2024-07-01,1006.38433691913,2.3165007910071,2.6826972539331098
2024-10-01,1006.84315741196,2.69280332257374,1.8856582884374595
2025-01-01,1006.68050880632,3.20583672744636,1.72489377760613
2025-04-01,1007.6220619671201,2.58168945764516,1.78844789058549
2025-07-01,1008.69265680738,2.82737580905863,1.6227407813736905
2025-10-01,1008.81292906266,2.63319592690594,1.2178127967412995
2026-01-01,1009.21496323295,4.25195723885246,0.6857539251336702
