date,core_pce_ann
1960-01-01,1.25953129633891
1960-04-01,1.51899740519761
1960-07-01,1.55882459527092
1960-10-01,1.30918951611556
1961-01-01,0.683322392728366
1961-04-01,1.31365218756709
1961-07-01,1.72869519404676
1961-10-01,0.963784042060444
1962-01-01,1.48025053868638
1962-04-01,1.53448352058553
1962-07-01,1.30732162148299
1962-10-01,0.753310122767461
1963-01-01,1.32018252695936
1963-04-01,1.51388722173777
1963-07-01,1.5310077173445
1963-10-01,1.9312230165552
1964-01-01,1.68819052533176
1964-04-01,1.187736733182
1964-07-01,1.10673789981509
1964-10-01,1.02317409771266
1965-01-01,1.50296104776602
1965-04-01,1.24682729278462
1965-07-01,1.22821238651828
1965-10-01,1.33487716336452
1966-01-01,1.99102188512387
1966-04-01,3.24802378850355
1966-07-01,3.27550894515694
1966-10-01,3.45349266508561
1967-01-01,2.19289295576741
1967-04-01,2.669736707713
1967-07-01,3.60085037778697
1967-10-01,4.02916296347616
1968-01-01,4.53415201857521
1968-04-01,4.62729805939907
1968-07-01,4.42905921386978
1968-10-01,4.64467043203335
1969-01-01,4.35364504871592
1969-04-01,4.75449896256929
1969-07-01,4.5717069689637
1969-10-01,4.68552000053477
1970-01-01,4.33133606666358
1970-04-01,4.50160130556928
1970-07-01,4.40823320396949
1970-10-01,5.59545236741983
1971-01-01,5.03327909275431
1971-04-01,4.54016895718993
1971-07-01,3.74489347781698
1971-10-01,2.28567175726509
1972-01-01,3.8146122338404
1972-04-01,2.6989236374697
1972-07-01,2.98303075043144
1972-10-01,2.51679708366906
1973-01-01,2.78137934354212
1973-04-01,5.40651577208519
1973-07-01,5.26070917746734
1973-10-01,5.55313726551239
1974-01-01,6.81445191699065
1974-04-01,9.81088149469854
1974-07-01,11.2326076730579
1974-10-01,9.69586704019246
1975-01-01,7.73036129994974
1975-04-01,6.05775985579138
1975-07-01,5.9357222811132
1975-10-01,6.48424249699385
1976-01-01,6.03117171368492
1976-04-01,4.77363640628643
1976-07-01,6.1902606584652
1976-10-01,6.23931009946042
1977-01-01,6.66586312585643
1977-04-01,6.07285194161283
1977-07-01,6.58044391986745
1977-10-01,5.79029333342469
1978-01-01,6.19914354516757
1978-04-01,6.83536698993438
1978-07-01,6.77971071691894
1978-10-01,7.13850798941664
1979-01-01,5.44060064549745
1979-04-01,8.69296022516785
1979-07-01,7.28071275084212
1979-10-01,8.28785942159275
1980-01-01,9.6648713655218
1980-04-01,8.85348681777391
1980-07-01,8.76810130841828
1980-10-01,9.66308648787812
1981-01-01,8.77262401461196
1981-04-01,7.49861375778814
1981-07-01,7.26814549125994
1981-10-01,7.07790546844843
1982-01-01,5.81776498663775
1982-04-01,5.37257020825924
1982-07-01,6.34343323831954
1982-10-01,5.54859887928989
1983-01-01,5.20907607719654
1983-04-01,3.05449593193584
1983-07-01,6.01943927384448
1983-10-01,3.20472737300762
1984-01-01,4.01413248128858
1984-04-01,4.66278266662011
1984-07-01,3.72853741026209
1984-10-01,2.84848164324705
1985-01-01,5.40920527320273
1985-04-01,3.46140174174647
1985-07-01,4.07383933888332
1985-10-01,2.87214568316763
1986-01-01,4.29728456245569
1986-04-01,2.72925147993113
1986-07-01,2.72719113375923
1986-10-01,3.25530592895483
1987-01-01,2.53060720767503
1987-04-01,3.86073901561983
1987-07-01,3.55066338246492
1987-10-01,4.06123080249204
1988-01-01,3.84772159284811
1988-04-01,4.81105106561219
1988-07-01,4.56282964931668
1988-10-01,4.4641366499444
1989-01-01,4.34301518066017
1989-04-01,3.62095204535516
1989-07-01,2.95315193951854
1989-10-01,3.65759015304874
1990-01-01,4.57950823015045
1990-04-01,4.44259136217431
1990-07-01,4.00704309055187
1990-10-01,3.36096446509541
1991-01-01,3.53162143058234
1991-04-01,3.07715707631414
1991-07-01,3.56723989174974
1991-10-01,3.15120092136754
1992-01-01,3.04830262276176
1992-04-01,2.81463349969458
1992-07-01,2.35561858286203
1992-10-01,2.92596733699974
1993-01-01,2.75046063888926
1993-04-01,3.02712825096612
1993-07-01,2.21948261190683
1993-10-01,2.0560173964895
1994-01-01,1.81961689947156
1994-04-01,2.67701322688602
1994-07-01,2.22098406336586
1994-10-01,2.03101820030215
1995-01-01,2.09659629481574
1995-04-01,2.36548509523149
1995-07-01,1.89387267081661
1995-10-01,2.00888325006932
1996-01-01,1.57147453554888
1996-04-01,1.89587568059695
1996-07-01,1.80905424401717
1996-10-01,2.27930430016388
1997-01-01,1.5711747852379
1997-04-01,2.07898936016206
1997-07-01,0.928498520757333
1997-10-01,1.26965328259165
1998-01-01,1.17735837516619
1998-04-01,1.22537683715687
1998-07-01,1.41168454333203
1998-10-01,1.27806701398166
1999-01-01,1.00226501695337
1999-04-01,1.38389389768647
1999-07-01,1.46101044498292
1999-10-01,1.88604534689364
2000-01-01,2.09192617244235
2000-04-01,1.39179112412981
2000-07-01,1.91579691349762
2000-10-01,1.98377092157355
2001-01-01,2.58999886406894
2001-04-01,1.50972980218875
2001-07-01,1.04976513296749
2001-10-01,1.9072784557144
2002-01-01,1.22555580050539
2002-04-01,2.19731705245768
2002-07-01,2.12117486171161
2002-10-01,1.42678842217594
2003-01-01,1.23328634962694
2003-04-01,1.51359380965006
2003-07-01,1.81974237441468
2003-10-01,1.7936562851423
2004-01-01,2.19511785761737
2004-04-01,2.2786670185339
2004-07-01,1.42381540765644
2004-10-01,2.16744195111762
2005-01-01,2.84150214215834
2005-04-01,1.97490834650676
2005-07-01,1.54584184860494
2005-10-01,2.67026135525244
2006-01-01,2.31698106092472
2006-04-01,3.16867287574703
2006-07-01,2.14135195044602
2006-10-01,1.7280708977928
2007-01-01,2.74233282852049
2007-04-01,1.66575168108137
2007-07-01,1.95012476700944
2007-10-01,2.76627464923992
2008-01-01,2.11526378182989
2008-04-01,1.67318770923175
2008-07-01,2.03249272886536
2008-10-01,-0.310527945196126
2009-01-01,-0.00483585476744475
2009-04-01,1.56259657609517
2009-07-01,1.41048813540817
2009-10-01,2.49137657694281
2010-01-01,1.36876653905451
2010-04-01,1.07425802644547
2010-07-01,0.610927856385105
2010-10-01,1.26388579150406
2011-01-01,1.7527355567936
2011-04-01,2.33508598908885
2011-07-01,1.81518548522321
2011-10-01,1.42728604149762
2012-01-01,2.51811164436799
2012-04-01,1.64984209716442
2012-07-01,1.14960666270168
2012-10-01,1.76882338695014
2013-01-01,1.5592677351809
2013-04-01,1.12700533198987
2013-07-01,1.56611176028008
2013-10-01,1.72439229286759
2014-01-01,1.2672130511294
2014-04-01,1.73870797659155
2014-07-01,1.49472268090033
2014-10-01,1.08699372549527
2015-01-01,0.669583499179033
2015-04-01,1.77705851176589
2015-07-01,1.27952139621336
2015-10-01,1.00065819595476
2016-01-01,1.67182129329906
2016-04-01,2.18972587789473
2016-07-01,1.7243642415519
2016-10-01,1.38314462495894
2017-01-01,1.84162762549707
2017-04-01,1.34422527491346
2017-07-01,1.20270495282593
2017-10-01,1.78172778759668
2018-01-01,2.53736654015142
2018-04-01,2.14157022138349
2018-07-01,1.26622876769172
2018-10-01,1.86890105182159
2019-01-01,1.60141690349737
2019-04-01,1.6850942820547
2019-07-01,1.48015250470814
2019-10-01,1.40913210744848
2020-01-01,1.78828798560415
2020-04-01,-0.74548981132569
2020-07-01,2.95609491394831
2020-10-01,1.8047072285972
2021-01-01,3.40737960613626
2021-04-01,5.63793612263284
2021-07-01,4.70756230166741
2021-10-01,5.18127751678203
2022-01-01,5.94844772965724
2022-04-01,4.74589979870538
2022-07-01,4.9962983467605
2022-10-01,4.62725568028994
2023-01-01,4.60810837245975
2023-04-01,3.89307854039668
2023-07-01,2.32918249281711
2023-10-01,2.12562602571243
2024-01-01,3.92129078713433
2024-04-01,2.83590590956258
2024-07-01,2.3165007910071
2024-10-01,2.69280332257374
2025-01-01,3.20583672744636
2025-04-01,2.58168945764516
2025-07-01,2.82737580905863
2025-10-01,2.63319592690594
2026-01-01,4.25195723885246
